{
  "heapUsageMb": {
    "withRules": {
      "runsMs": [
        273.27886962890625, 276.11334228515625, 276.5062942504883,
        276.6276321411133, 278.8704605102539, 276.28821563720703,
        276.4139175415039, 270.696044921875, 273.2589645385742,
        276.44764709472656, 286.69134521484375, 272.372802734375,
        272.7887420654297, 272.69051361083984, 277.9559783935547,
        274.1933364868164, 287.7210159301758, 284.89151763916016,
        272.5627136230469, 272.67686462402344, 277.5514831542969,
        286.12876892089844, 276.9037094116211, 285.4179916381836,
        275.7660903930664, 275.19055938720703, 274.30175018310547,
        277.9119110107422, 273.38812255859375, 277.22692108154297,
        273.2327346801758, 272.58057403564453, 273.42647552490234,
        272.3033447265625, 271.07763671875, 273.08509826660156,
        273.9452133178711, 268.85020446777344, 272.78812408447266,
        276.9623336791992, 274.9378204345703, 271.5365295410156,
        285.76332092285156, 272.52610778808594, 287.3181381225586,
        278.1402053833008, 276.1473159790039, 268.2594299316406,
        272.94190979003906, 275.54398345947266, 276.22303771972656,
        277.16902923583984, 287.1131896972656, 273.1057891845703,
        276.50634002685547, 273.4465789794922, 278.0363006591797,
        273.31310272216797, 269.02069091796875, 273.4743957519531,
        272.3779067993164, 276.9240036010742, 273.1061248779297,
        270.3407745361328, 274.47180938720703, 271.75232696533203,
        271.27244567871094, 276.5826644897461, 276.0703659057617,
        273.94664001464844, 272.9778366088867, 286.9581604003906,
        273.1672668457031, 272.7270965576172, 272.20552825927734,
        277.21099853515625, 275.2939224243164, 275.85206604003906,
        272.5518569946289, 270.92957305908203, 277.9196243286133, 276.267578125,
        272.6811065673828, 272.8292694091797, 285.37960052490234,
        270.84413146972656, 273.18978118896484, 276.6109161376953,
        272.33363342285156, 285.7304229736328, 275.1430892944336,
        284.7812194824219, 276.4381561279297, 278.1830368041992,
        276.2251205444336, 272.10316467285156, 272.75965881347656,
        273.7607116699219, 273.09715270996094, 273.5514907836914
      ],
      "avgMs": 275.6415671539307
    },
    "withoutRules": {
      "runsMs": [
        261.1238555908203, 240.63709259033203, 262.2146911621094,
        261.1306610107422, 240.55364990234375, 252.6869354248047,
        261.9739456176758, 254.15340423583984, 240.56381225585938,
        240.6910400390625, 262.1281433105469, 260.58324432373047,
        240.69702911376953, 246.27059936523438, 240.47640228271484,
        240.98554229736328, 239.97991180419922, 258.9764404296875,
        255.51935577392578, 240.8409194946289, 240.57391357421875,
        261.27003479003906, 241.71881103515625, 262.4085159301758,
        250.3513412475586, 240.91303253173828, 262.5615768432617,
        239.83721160888672, 254.3320541381836, 254.92359924316406,
        241.17850494384766, 261.0037536621094, 262.3672866821289,
        240.74075317382812, 241.2403793334961, 246.0241470336914,
        261.29034423828125, 260.95801544189453, 248.8896484375,
        262.5705871582031, 241.27220153808594, 240.32904815673828,
        261.3208999633789, 254.79043579101562, 242.42355346679688,
        260.9451599121094, 260.8742218017578, 240.9228744506836,
        240.8221664428711, 249.71479034423828, 261.3176574707031,
        240.99358367919922, 244.95502471923828, 77.76889038085938,
        260.8281555175781, 262.5214385986328, 253.8021240234375,
        240.13385009765625, 244.4300079345703, 260.9665298461914,
        260.6256866455078, 241.2703399658203, 254.10006713867188,
        262.53466033935547, 244.5697479248047, 261.2052764892578,
        249.81837463378906, 252.78848266601562, 261.0202407836914,
        254.2023696899414, 261.8943862915039, 240.881591796875,
        254.78882598876953, 261.0076446533203, 252.39317321777344,
        240.56250762939453, 262.31327056884766, 240.05838775634766,
        261.3076400756836, 240.29467010498047, 260.9552917480469,
        244.64505767822266, 240.8407211303711, 249.42571258544922,
        260.66795349121094, 241.33389282226562, 241.1107940673828,
        260.8574676513672, 254.783203125, 260.94872283935547, 241.060302734375,
        257.72721099853516, 262.55780029296875, 242.29654693603516,
        261.06111907958984, 253.3397979736328, 241.17713165283203,
        262.7300567626953, 241.09358978271484, 243.92566680908203
      ],
      "avgMs": 249.58648185729982
    }
  },
  "meta": {
    "target": "./repos/CVE-2016-10735",
    "linesOfCode": {
      "files": 48,
      "blank": 2643,
      "comment": 1212,
      "code": 17815
    }
  }
}
