{
  "rules": {
    "security-rules/universal/no-vulnerable-dependencies": {
      "avgMs": 2133.9919600000003,
      "runsMs": [
        17777.24, 1851.555, 1749.817, 1848.392, 1774.469, 1996.123, 2032.006,
        2033.99, 1997.834, 1992.215, 1910.335, 1886.698, 1945.701, 1921.284,
        1971.758, 1925.027, 1924.708, 1947.183, 1933.026, 1960.183, 1952.567,
        1890.156, 1971.184, 2031.821, 1970.283, 1971.511, 1987.605, 1998.783,
        1996.966, 2027.767, 1973.183, 1976.906, 1999.707, 2004.389, 1994.496,
        2068.739, 2014.675, 2011.581, 2114.803, 1964.689, 1990.699, 2030.494,
        1996.98, 2043.388, 2112.314, 2099.611, 2035.876, 2055.122, 1974.733,
        2001.514, 2052.818, 2018.719, 1982.042, 2028.392, 1987.773, 2036.751,
        2002.741, 1955.007, 1992.851, 1977.707, 2009.835, 1932.839, 1987.474,
        1976.036, 2040.399, 1887.589, 1918.545, 2009.353, 1910.428, 1999.636,
        1975.114, 1949.556, 2003.226, 1962.918, 1996.838, 1976.59, 1943.042,
        1973.667, 2050.903, 1971.309, 2012.208, 1993.307, 1991.494, 1929.447,
        1928.56, 1927.125, 1914.574, 1942.344, 1997.724, 1979.264, 2001.18,
        1980.292, 1984.397, 1928.285, 1919.325, 1937.154, 1897.958, 2013.885,
        1965.312, 2003.177
      ]
    },
    "security-rules/package/no-vulnerable-dependencies": {
      "avgMs": 67.37442000000001,
      "runsMs": [
        4577.156, 22.216, 19.907, 20.473, 20.872, 21.865, 21.088, 21.295,
        22.091, 21.705, 21.587, 20.225, 20.794, 22.161, 21.516, 20.91, 21.142,
        21.335, 29.198, 23.655, 19.922, 20.894, 21.151, 22.773, 21.237, 21.802,
        21.98, 21.641, 20.894, 21.451, 23.285, 21.801, 25.072, 22.666, 23.671,
        21.762, 22.043, 22.171, 24.194, 21.231, 21.718, 24.074, 21.382, 23.474,
        31.17, 22.5, 22.212, 21.709, 21.414, 22.206, 22.186, 21.965, 22.603,
        22.528, 20.996, 22.485, 21.509, 21.11, 20.998, 21.166, 22.675, 22.403,
        21.997, 21.366, 23.37, 19.585, 20.731, 21.477, 21.007, 20.983, 21.417,
        21.878, 21.376, 21.122, 21.302, 21.131, 20.631, 21.455, 20.68, 20.639,
        21.207, 22.113, 21.329, 21.717, 21.823, 20.151, 19.923, 20.505, 23.447,
        21.067, 21.604, 22.088, 20.375, 19.924, 20.548, 22.006, 21.565, 22.544,
        22.426, 21.618
      ]
    },
    "security-rules/react/no-xss": {
      "avgMs": 2382.66774,
      "runsMs": [
        2422.815, 2395.301, 2304.657, 2445.771, 2339.833, 2474.255, 2417.138,
        2398.085, 2413.39, 2410.441, 2304.07, 2202.112, 2281.748, 2297.432,
        2347.411, 2393.341, 2310.791, 2408.423, 2288.012, 2368.443, 2396.853,
        2262.8, 2355.053, 2460.556, 2424.493, 2407.219, 2449.716, 2438.498,
        2393.985, 2466.539, 2444.311, 2445.341, 2382.265, 2412.466, 2403.886,
        2445.215, 2406.431, 2409.553, 2439.148, 2395.268, 2453.484, 2424.136,
        2383.186, 2429.388, 2446.112, 2446.496, 2423.807, 2456.271, 2368.621,
        2430.265, 2414.475, 2421.753, 2351.907, 2421.859, 2410.606, 2420.102,
        2437.451, 2464.008, 2421.333, 2323.644, 2404.036, 2349.969, 2407.391,
        2407.505, 2435.077, 2279.459, 2366.37, 2386.499, 2343.124, 2375.364,
        2327.671, 2397.306, 2420.545, 2345.225, 2398.747, 2383.776, 2296.411,
        2396.521, 2400.126, 2358.175, 2372.205, 2335.232, 2410.938, 2347.368,
        2345.445, 2270.661, 2273.425, 2391.226, 2357.705, 2296.117, 2396.142,
        2355.401, 2311.284, 2306.93, 2289.658, 2270.281, 2412.133, 2410.316,
        2376.395, 2446.646
      ]
    },
    "security-rules/node/no-insecure-ciphers": {
      "avgMs": 837.7487999999997,
      "runsMs": [
        849.797, 831.365, 791.372, 816.976, 792.132, 849.767, 861.526, 832.011,
        850.342, 862.262, 827.984, 775.683, 816.165, 812.422, 829.262, 819.82,
        802.965, 825.687, 806.627, 845.533, 841.644, 793.819, 824.683, 865.99,
        870.743, 845.45, 825.359, 845.303, 839.305, 864.612, 825.338, 894.834,
        855.086, 852.068, 868.189, 852.67, 860.847, 843.277, 855.411, 835.668,
        858.189, 857.78, 817.85, 850.885, 895.32, 872.949, 874.676, 870.783,
        843.222, 830.97, 854.555, 864.793, 827.923, 855.231, 829.746, 859.014,
        852.84, 849.915, 843.962, 814.957, 855.609, 804.31, 821.481, 853.58,
        831.898, 809.566, 840.382, 821.165, 844.996, 815.29, 833.083, 850.024,
        866.997, 827.557, 867.506, 864.745, 803.212, 840.674, 856.758, 824.675,
        839.003, 832.008, 858.834, 800.879, 829.502, 797.931, 789.229, 821.237,
        837.472, 819.477, 839.305, 831.201, 810.169, 809.96, 827.887, 828.03,
        801.477, 857.9, 842.507, 881.81
      ]
    },
    "security-rules/pg/no-sql-injections": {
      "avgMs": 198.72398999999993,
      "runsMs": [
        196.942, 196.082, 193.338, 203.339, 193.711, 208.625, 197.932, 204.482,
        209.016, 193.801, 196.64, 182.681, 181.952, 194.079, 197.365, 198.852,
        192.262, 198.95, 190.377, 191.948, 203.42, 203.134, 198.67, 200.026,
        194.426, 199.801, 207.501, 205.489, 190.207, 198.925, 205.56, 202.54,
        195.032, 206.762, 198.183, 201.137, 202.569, 201.166, 200.986, 202.821,
        194.708, 204.785, 195.021, 205.222, 202.7, 202.674, 206.8, 205.514,
        189.423, 199.477, 198.668, 212.283, 197.516, 199.649, 193.88, 213.892,
        205.023, 204.781, 196.404, 192.849, 205.869, 192.757, 199.31, 207.317,
        194.955, 185.565, 193.278, 196.745, 189.169, 202.478, 197.552, 194.141,
        200.744, 192.94, 201.253, 202.312, 198.988, 204.533, 197.644, 187.515,
        203.966, 208.56, 198.431, 189.535, 199.467, 196.625, 195.463, 197.259,
        199.079, 198.371, 199.543, 194.999, 197.421, 195.161, 197.278, 184.031,
        197.232, 203.586, 209.333, 199.996
      ]
    },
    "security-rules/mysql/no-sql-injections": {
      "avgMs": 179.4535,
      "runsMs": [
        180.376, 178.417, 167.69, 177.342, 182.554, 183.022, 175.67, 179.347,
        173.458, 179.195, 174.515, 176.282, 162.362, 175.231, 183.58, 175.974,
        167.569, 183.351, 167.808, 179.959, 187.299, 173.43, 182.779, 182.495,
        180.82, 185.851, 176.173, 193.934, 172.972, 182.319, 178.588, 176.615,
        175.605, 185.066, 185.507, 184.523, 181.35, 184.621, 181.842, 186.948,
        185.664, 185.371, 175.334, 176.035, 181.16, 189.573, 186.605, 178.677,
        173.876, 190.185, 190.616, 183.446, 186.846, 189.34, 178.018, 178.762,
        186.023, 183.032, 178.835, 169.955, 174.273, 175.725, 173.321, 180.367,
        174.882, 175.616, 171.242, 183.401, 178.668, 177.643, 185.343, 180.984,
        185.308, 185.295, 181.616, 181.98, 167.994, 176.612, 178.672, 168.373,
        181.54, 180.783, 175.74, 171.364, 179.295, 169.602, 171.127, 179.115,
        175.671, 184.993, 182.102, 187.28, 175.133, 170.248, 170.278, 180.549,
        185.288, 191.768, 188.648, 177.719
      ]
    },
    "security-rules/mysql/no-hardcoded-credentials": {
      "avgMs": 140.63837000000004,
      "runsMs": [
        138.124, 140.703, 130.543, 139.903, 134.615, 149.605, 136.926, 139.689,
        137.803, 134.412, 141.205, 130.385, 133.154, 134.708, 128.107, 141.824,
        134.751, 142.011, 135.911, 149.07, 144.712, 140.047, 142.852, 144.718,
        139.83, 141.92, 149.513, 144.06, 138.234, 143.916, 146.078, 152.896,
        143.947, 144.463, 138.568, 143.292, 141.599, 139.978, 143.956, 141.647,
        141.326, 136.964, 140.575, 144.201, 149.5, 137.934, 143.715, 142.288,
        139.526, 142.045, 139.269, 142.778, 138.663, 149.371, 136.503, 140.637,
        142.655, 138.674, 139.032, 134.138, 148.562, 144.001, 138, 143.116,
        138.166, 131.844, 144.952, 141.247, 136.609, 140.18, 142.877, 139.379,
        137.62, 139.64, 150.456, 135.699, 145.919, 137.87, 141.788, 134.88,
        151.632, 136.476, 144.411, 141.789, 140.18, 132.329, 142.864, 142.923,
        136.192, 137.349, 140.246, 132.869, 138.349, 139.578, 132.75, 141.558,
        145.043, 143.418, 140.247, 151.36
      ]
    },
    "security-rules/node/no-unsafe-path": {
      "avgMs": 87.43425,