{
  "heapUsageMb": {
    "withRules": {
      "runsMs": [
        59.23741149902344, 69.278564453125, 59.43659973144531,
        60.11724090576172, 67.84722900390625, 67.83580780029297,
        53.977935791015625, 58.06249237060547, 67.7251968383789,
        69.23714447021484, 60.771728515625, 54.10801696777344,
        60.19818878173828, 54.85511779785156, 68.44107055664062,
        58.904945373535156, 51.07496643066406, 50.592933654785156,
        60.59696960449219, 61.04103088378906, 60.66070556640625,
        61.6090087890625, 60.81886291503906, 58.98521423339844,
        61.27146911621094, 67.82498931884766, 58.78111267089844,
        59.04705047607422, 68.04251098632812, 59.50335693359375,
        59.273582458496094, 59.169654846191406, 59.1070556640625,
        61.38616943359375, 51.60938262939453, 60.382484436035156,
        54.2296142578125, 52.27478790283203, 60.853904724121094,
        51.12159729003906, 60.83112335205078, 66.68109893798828,
        61.59547424316406, 50.13744354248047, 67.58020782470703,
        55.05011749267578, 52.241302490234375, 53.44110107421875,
        59.4906005859375, 69.06189727783203, 66.96546173095703,
        61.07920837402344, 51.124732971191406, 59.30719757080078,
        51.386199951171875, 68.52157592773438, 68.11460876464844,
        51.54889678955078, 52.681976318359375, 61.455116271972656,
        51.28038024902344, 53.85414123535156, 50.63526916503906,
        51.790443420410156, 58.759193420410156, 58.847503662109375,
        67.59087371826172, 57.61402130126953, 51.05888366699219,
        51.93525695800781, 54.941322326660156, 69.17919921875,
        61.21947479248047, 60.12196350097656, 58.182151794433594,
        59.0784912109375, 70.1717300415039, 61.14094543457031,
        58.39557647705078, 51.79667663574219, 52.358543395996094,
        59.58905792236328, 57.812957763671875, 67.86653900146484,
        51.52354431152344, 51.35027313232422, 51.917579650878906,
        60.58393096923828, 55.29816436767578, 69.68975067138672,
        59.328086853027344, 54.73262023925781, 60.21842956542969,
        50.85515594482422, 52.31388854980469, 53.46583557128906,
        69.60506439208984, 60.22572326660156, 68.36285400390625,
        60.644248962402344
      ],
      "avgMs": 59.129241943359375
    },
    "withoutRules": {
      "runsMs": [
        25.76690673828125, 31.523513793945312, 31.614044189453125,
        41.75555419921875, 41.34625244140625, 40.01234436035156,
        40.524513244628906, 31.37505340576172, 40.79740905761719,
        31.63239288330078, 40.837646484375, 40.377891540527344,
        40.361671447753906, 40.35338592529297, 40.591209411621094,
        31.20037841796875, 38.96234130859375, 42.22593688964844,
        40.47435760498047, 40.61884307861328, 40.92052459716797,
        40.199241638183594, 40.33741760253906, 31.460487365722656,
        40.774574279785156, 31.332138061523438, 30.87005615234375,
        31.536056518554688, 40.493804931640625, 31.30236053466797,
        30.99669647216797, 31.62712860107422, 31.488510131835938,
        40.460784912109375, 38.64479064941406, 40.402801513671875,
        40.43171691894531, 37.974273681640625, 40.812538146972656,
        41.7716064453125, 40.97864532470703, 40.36515808105469,
        40.30120086669922, 39.815277099609375, 40.579673767089844,
        40.345603942871094, 37.73949432373047, 40.63545227050781,
        31.278244018554688, 31.555259704589844, 31.14630126953125,
        40.744911193847656, 38.955421447753906, 31.328445434570312,
        38.876670837402344, 31.277671813964844, 40.89362335205078,
        38.528099060058594, 38.0809326171875, 40.32013702392578,
        38.123390197753906, 40.537986755371094, 41.49151611328125,
        38.45984649658203, 30.551666259765625, 31.673118591308594,
        40.44818115234375, 30.285690307617188, 38.85700225830078,
        41.56575012207031, 40.86481475830078, 31.513671875, 40.58070373535156,
        42.06035614013672, 30.661582946777344, 29.788436889648438,
        42.133705139160156, 40.948585510253906, 31.276016235351562,
        38.10791015625, 37.960914611816406, 28.591842651367188,
        30.12792205810547, 31.329696655273438, 38.21965026855469,
        41.547035217285156, 38.26342010498047, 40.329986572265625,
        40.56105041503906, 31.675582885742188, 31.451950073242188,
        40.384803771972656, 40.44343566894531, 41.880226135253906,
        37.813270568847656, 42.86415100097656, 31.006683349609375,
        40.71791076660156, 40.92620849609375, 40.071372985839844
      ],
      "avgMs": 37.260324249267576
    }
  },
  "meta": {
    "target": "./repos/CVE-2021-23364",
    "linesOfCode": {
      "files": 68,
      "blank": 626,
      "comment": 136,
      "code": 5269
    }
  }
}
