{
  "rules": {
    "security-rules/universal/no-vulnerable-dependencies": {
      "avgMs": 12.09017,
      "coldMs": 554.687,
      "runsMs": [
        12.46, 11.7, 14.137, 10.988, 10.621, 10.937, 11.536, 13.899, 11.306,
        11.868, 13.642, 11.245, 11.19, 11.244, 11.794, 10.924, 10.758, 11.011,
        10.842, 11.407, 10.746, 11.097, 11.179, 11.24, 12.105, 11.646, 10.703,
        11.263, 11.192, 12.614, 13.597, 12.386, 12.539, 14.577, 12.077, 10.927,
        12.708, 13.587, 13.823, 13.538, 11.107, 13.956, 13.722, 13.472, 12.47,
        12.812, 11.125, 13.904, 11.863, 11.184, 11.255, 11.168, 11.665, 12.693,
        11.194, 11.769, 13.31, 10.952, 11.554, 12.46, 12.034, 13.195, 11.313,
        11.424, 11.85, 11.569, 11.459, 11.589, 12.211, 11.522, 11.131, 11.36,
        11.179, 11.635, 11.207, 11.899, 11.293, 11.887, 11.443, 12.727, 12.808,
        13.184, 12.227, 12.846, 12.113, 13.666, 13.193, 13.044, 14.682, 13.202,
        13.526, 12.851, 12.16, 10.931, 12.612, 13.417, 11.612, 11.397, 12.311,
        12.62
      ]
    },
    "security-rules/node/no-unsafe-path": {
      "avgMs": 7.707560000000004,
      "coldMs": 8.61,
      "runsMs": [
        8.61, 7.191, 8.857, 7.156, 6.781, 8.93, 7.377, 11.2, 7.188, 8.234,
        9.235, 7.032, 6.9, 7.615, 6.95, 7.378, 7.061, 6.936, 7.675, 7.59, 7.036,
        6.83, 7.446, 6.829, 7.857, 7.066, 6.865, 8.006, 7.916, 8.827, 9.098,
        8.631, 6.881, 7.551, 7.406, 7.138, 8.226, 9.219, 9.593, 8.726, 8.484,
        9.115, 9.599, 8.98, 8.376, 9.047, 7.351, 7.603, 8.017, 7.338, 7.121,
        7.336, 7.471, 7.428, 7.112, 7.521, 7.684, 7.001, 7.818, 7.067, 12.169,
        8.108, 6.785, 7.538, 8.198, 7.879, 7.128, 8.5, 7.125, 7.08, 8.041,
        6.891, 7.398, 6.949, 6.961, 7.831, 7.28, 8.577, 6.733, 6.945, 7.323,
        7.218, 7.464, 7.128, 7.144, 7.96, 6.931, 7.015, 7.935, 7.797, 7.867,
        7.08, 7.962, 7.021, 6.921, 6.714, 6.76, 6.822, 7.791, 7.275
      ]
    },
    "security-rules/node/no-insecure-ciphers": {
      "avgMs": 8.162109999999997,
      "coldMs": 8.03,
      "runsMs": [
        8.03, 7.634, 9.7, 7.384, 7.484, 8.43, 9.632, 9.971, 8.277, 8.04, 9.908,
        8.972, 7.611, 7.265, 7.373, 7.75, 7.333, 7.399, 7.334, 7.685, 7.25,
        7.228, 7.394, 7.597, 7.613, 7.814, 7.205, 7.528, 7.712, 8.831, 10.494,
        9.02, 7.764, 7.344, 7.883, 7.318, 8.214, 10.46, 10.415, 10.07, 7.638,
        10.537, 10.457, 10.34, 7.885, 8.629, 7.791, 7.83, 8.315, 8.145, 7.596,
        9.195, 9.127, 7.574, 7.726, 8.35, 10.036, 7.769, 8.47, 8.242, 9.288,
        7.752, 7.412, 8.325, 8.586, 7.447, 8.509, 7.908, 7.639, 7.639, 7.545,
        7.337, 7.805, 7.285, 7.611, 8.501, 7.76, 7.968, 7.515, 8.064, 8.402,
        7.24, 7.569, 7.884, 8.288, 8.576, 7.391, 7.218, 8.831, 8.598, 8.954,
        8.127, 7.453, 7.263, 7.273, 7.17, 7.352, 7.319, 9.845, 7.544
      ]
    },
    "security-rules/react/no-xss": {
      "avgMs": 3.0389599999999994,
      "coldMs": 3.118,
      "runsMs": [
        3.118, 3.234, 3.643, 2.697, 2.687, 3.034, 3.177, 3.793, 2.829, 3.153,
        3.548, 2.884, 2.72, 2.692, 2.821, 2.897, 2.643, 2.605, 2.843, 2.713,
        2.683, 2.649, 2.643, 2.584, 2.626, 2.886, 2.584, 2.81, 2.673, 3.38,
        3.588, 3.321, 2.745, 5.427, 2.873, 2.716, 3.225, 3.508, 3.58, 7.692,
        2.654, 3.651, 3.532, 3.453, 3.238, 3.357, 2.838, 3.233, 3.048, 2.734,
        2.675, 2.799, 2.905, 2.632, 3.085, 2.932, 3.32, 2.67, 2.837, 2.738,
        2.836, 3.158, 2.597, 2.949, 3.129, 6.994, 2.766, 3.085, 2.652, 2.932,
        2.849, 2.613, 2.703, 2.722, 2.721, 2.986, 2.708, 3.05, 2.678, 2.697,
        2.797, 2.793, 3.108, 3.271, 2.623, 2.95, 2.577, 2.651, 3.051, 3.125,
        3.091, 3.071, 2.684, 2.602, 2.618, 2.552, 2.602, 2.888, 3.112, 2.65
      ]
    },
    "security-rules/pg/no-sql-injections": {
      "avgMs": 2.2097699999999993,
      "coldMs": 2.377,
      "runsMs": [
        2.377, 2.132, 2.549, 2.052, 2.027, 2.233, 2.299, 2.789, 2.169, 2.285,
        2.703, 2.143, 2.157, 1.963, 2.053, 2.122, 3.314, 1.942, 2.03, 2.102,
        1.951, 2.047, 1.973, 1.937, 2.051, 2.133, 1.919, 2.169, 2.001, 2.51,
        2.749, 2.574, 2.063, 2.168, 2.158, 2.055, 2.306, 2.766, 2.716, 2.486,
        2.066, 2.793, 2.745, 2.778, 2.46, 2.406, 1.995, 2.262, 2.18, 2.116,
        2.076, 2.271, 2.32, 2.161, 2.059, 2.119, 2.415, 2.014, 2.227, 2.053,
        2.314, 2.172, 1.946, 2.23, 2.272, 2.056, 2.209, 2.364, 2.053, 2.051,
        2.07, 1.963, 2.076, 2.079, 2.13, 2.264, 2.036, 2.17, 1.935, 2.136,
        2.161, 2.11, 2.17, 2.131, 2.283, 2.26, 1.953, 2.088, 2.474, 2.319,
        2.398, 2.16, 2.038, 2.062, 2.118, 1.928, 1.893, 1.932, 2.228, 2.056
      ]
    },
    "security-rules/mysql/no-sql-injections": {
      "avgMs": 1.7627700000000002,
      "coldMs": 1.828,
      "runsMs": [
        1.828, 1.75, 2.069, 1.564, 1.595, 1.764, 1.865, 2.318, 1.688, 1.768,
        2.158, 1.709, 1.673, 1.612, 1.595, 1.757, 1.565, 1.65, 1.633, 1.691,
        1.637, 1.599, 1.628, 1.602, 1.629, 1.652, 1.556, 1.709, 1.729, 1.966,
        2.189, 1.983, 1.627, 1.589, 1.711, 1.687, 1.873, 2.17, 2.24, 2.153,
        1.681, 2.232, 2.197, 2.149, 1.848, 1.925, 1.679, 1.694, 1.819, 1.677,
        1.76, 1.838, 1.846, 1.65, 1.686, 1.713, 1.981, 1.601, 1.737, 1.73,
        1.724, 1.786, 1.596, 1.828, 1.847, 1.627, 1.854, 1.819, 1.662, 1.677,
        1.627, 1.568, 1.56, 1.565, 1.63, 1.795, 1.637, 1.744, 1.615, 1.789,
        1.774, 1.69, 1.707, 1.753, 1.801, 1.851, 1.568, 1.629, 1.923, 1.889,
        1.892, 1.79, 1.812, 1.581, 1.72, 1.603, 1.543, 1.568, 1.954, 1.655
      ]
    },
    "security-rules/browser/no-xss": {
      "avgMs": 1.7126000000000006,
      "coldMs": 1.761,
      "runsMs": [
        1.761, 1.671, 2.163, 1.55, 1.545, 1.799, 1.837, 2.148, 1.618, 1.831,
        2.106, 1.908, 1.624, 1.559, 1.556, 1.682, 1.579, 1.621, 1.588, 1.55,
        1.574, 1.501, 1.549, 1.609, 1.598, 1.609, 1.508, 1.757, 1.583, 1.88,
        2.118, 1.935, 1.541, 1.673, 1.657, 1.591, 1.814, 2.13, 2.153, 1.994,
        1.642, 2.124, 2.125, 2.096, 1.732, 1.897, 1.651, 1.606, 1.653, 1.643,
        1.574, 1.762, 1.813, 1.605, 1.637, 1.678, 1.973, 1.558, 1.699, 1.582,
        1.978, 1.725, 1.54, 1.775, 1.784, 1.602, 1.702, 1.789, 1.559, 1.578,
        1.641, 1.528, 1.575, 1.905, 1.537, 1.793, 1.622, 1.721, 1.528, 1.616,
        1.786, 1.611, 1.608, 1.805, 1.794, 1.814, 1.51, 1.598, 1.828, 1.838,
        1.802, 1.732, 1.601, 1.474, 1.508, 1.563, 1.498, 1.536, 1.741, 1.595
      ]
    },
    "security-rules/mysql/no-hardcoded-credentials": {
      "avgMs": 1.3418499999999998,
      "coldMs": 1.441,
      "runsMs": [
        1.441, 1.286, 1.559, 1.185, 1.246, 1.371, 1.391, 1.693, 1.289, 1.364,
        1.665, 1.275, 1.258, 1.236, 1.293, 1.296, 1.223, 1.2, 1.262, 1.31,
        1.223, 1.3, 1.266, 1.181, 1.274, 1.244, 1.26, 1.379, 1.242, 1.557,
        1.643, 1.523, 1.257, 1.237, 1.33, 1.357, 1.467, 1.654, 1.656, 1.649,
        1.298, 1.685, 1.673, 1.593, 1.398, 1.575, 1.294, 1.264, 1.346, 1.3,
        1.253, 1.371, 1.466, 1.222, 1.288, 1.268, 1.485, 1.226, 1.3, 1.245,
        1.363, 1.35, 1.224, 1.393, 1.406, 1.261, 1.292, 1.337, 1.222, 1.24,
        1.206, 1.214, 1.223, 1.299, 1.266, 1.392, 1.237, 1.361, 1.225, 1.233,
        1.32, 1.284, 1.275, 1.326, 1.413, 1.441, 1.215, 1.242, 1.445, 1.409,
        1.439, 1.41, 1.297, 1.191, 1.257, 1.232, 1.249, 1.246, 1.32, 1.338
      ]
    },
    "security-rules/package/no-vulnerable-dependencies": {
      "avgMs": 2.08375,
      "coldMs": 1.412,