{
  "heapUsageMb": {
    "withRules": {
      "runsMs": [
        7.694801330566406, -0.4637908935546875, -2.4870147705078125,
        13.883926391601562, 7.7918548583984375, -2.9449615478515625,
        -3.23907470703125, 6.78240966796875, 13.928451538085938,
        7.349052429199219, 7.606361389160156, 6.262947082519531,
        7.477272033691406, 7.9193115234375, 8.15264892578125, 7.563911437988281,
        -3.3975601196289062, 7.2790985107421875, 7.649299621582031,
        -2.4598541259765625, 14.181167602539062, 6.879951477050781,
        7.568687438964844, -3.1241989135742188, 7.6618194580078125,
        7.381431579589844, -3.0157394409179688, -3.0959091186523438,
        7.7345733642578125, 6.801277160644531, -3.3552780151367188,
        -3.4805221557617188, 7.598884582519531, 7.6586151123046875,
        -2.906280517578125, 7.7859344482421875, 7.92535400390625,
        7.553092956542969, -3.5277328491210938, -3.35675048828125,
        -2.6474990844726562, -3.149566650390625, 7.632057189941406,
        -3.9019012451171875, 7.801910400390625, 7.796173095703125,
        6.899749755859375, 6.702659606933594, 13.963577270507812,
        7.936744689941406, 8.142868041992188, 7.909210205078125,
        6.940826416015625, -1.1333847045898438, 7.237251281738281,
        -3.5463180541992188, -2.9826736450195312, 0.31581878662109375,
        0.5567398071289062, 7.675910949707031, -3.967132568359375,
        7.744972229003906, 6.916893005371094, -3.013641357421875,
        7.67962646484375, 6.3464813232421875, -2.9937057495117188,
        8.134391784667969, 7.82550048828125, 7.988517761230469,
        -4.384773254394531, 7.657051086425781, 7.616767883300781,
        7.550506591796875, -2.9080276489257812, 7.846305847167969,
        -2.8776779174804688, -3.8839263916015625, -3.2814254760742188,
        6.835845947265625, 13.854408264160156, -3.3731002807617188,
        7.5471954345703125, 7.40386962890625, 14.348892211914062,
        -4.043006896972656, -2.4239120483398438, 7.6324005126953125,
        7.52423095703125, 7.843421936035156, -2.8695220947265625,
        7.517936706542969, -1.097198486328125, 8.045112609863281,
        -3.3693923950195312, 7.278800964355469, -3.4017868041992188,
        -3.1623764038085938, 14.602066040039062, 7.6074371337890625
      ],
      "avgMs": 4.036656494140625
    },
    "withoutRules": {
      "runsMs": [
        6.341712951660156, 7.078887939453125, 6.5893707275390625,
        -2.7669525146484375, 6.114044189453125, 7.082489013671875,
        6.921607971191406, 5.875877380371094, 7.13031005859375,
        6.005027770996094, 6.333457946777344, 6.524742126464844,
        6.406272888183594, -4.529998779296875, 6.1280517578125,
        6.3816986083984375, 7.0082550048828125, 5.800811767578125,
        6.2607879638671875, 6.340019226074219, -2.9536056518554688,
        5.87994384765625, 5.7529754638671875, 6.9047698974609375,
        5.933807373046875, 5.787567138671875, 7.177696228027344,
        7.110816955566406, 5.895820617675781, 5.923133850097656,
        6.963218688964844, 6.925468444824219, 5.587455749511719,
        6.2344512939453125, 7.0593109130859375, 6.0519866943359375,
        -3.9756546020507812, 6.2097320556640625, 7.1932373046875,
        7.0378875732421875, 6.893745422363281, 6.985832214355469,
        5.859588623046875, 6.98077392578125, -4.3854522705078125,
        5.8021087646484375, 5.924049377441406, 5.723472595214844,
        -2.9256744384765625, 6.076622009277344, 6.101966857910156,
        -4.5351104736328125, 5.810401916503906, 7.1916961669921875,
        6.0661163330078125, 6.907585144042969, 6.8352203369140625,
        6.911231994628906, 7.2034149169921875, 6.224571228027344,
        7.0284881591796875, -3.8659820556640625, 5.7949371337890625,
        6.958656311035156, 5.904533386230469, 6.1328887939453125,
        7.016975402832031, 6.084983825683594, 6.304100036621094,
        -5.299461364746094, 6.984977722167969, 5.9132080078125,
        5.812950134277344, 6.295585632324219, 6.850334167480469,
        5.976417541503906, 7.061332702636719, 7.018402099609375,
        6.9899139404296875, 5.729988098144531, 6.9876861572265625,
        7.0509185791015625, 6.452934265136719, 5.908042907714844,
        -2.760986328125, 7.258796691894531, 6.298828125, 5.667877197265625,
        6.492645263671875, 5.977195739746094, 7.050590515136719,
        5.838096618652344, 6.9060516357421875, 6.0445709228515625,
        7.13134765625, 6.14569091796875, 7.0585784912109375, 7.113044738769531,
        -2.93603515625, 6.1881256103515625
      ],
      "avgMs": 5.339458847045899
    }
  },
  "meta": {
    "target": "./repos/CVE-2017-16029",
    "linesOfCode": {
      "files": 11,
      "blank": 124,
      "comment": 122,
      "code": 673
    }
  }
}
