{
  "rules": {
    "security-rules/package/no-vulnerable-dependencies": {
      "avgMs": 7.2407600000000025,
      "runsMs": [
        552.825, 1.889, 1.86, 1.897, 1.558, 1.703, 1.73, 1.589, 1.709, 1.634,
        1.729, 1.704, 1.839, 1.718, 1.608, 1.763, 1.83, 1.695, 1.74, 1.724,
        1.614, 1.925, 1.748, 1.793, 1.694, 1.575, 1.748, 1.659, 1.646, 1.798,
        1.678, 1.536, 1.726, 1.617, 1.546, 1.654, 1.738, 1.739, 1.714, 1.992,
        1.758, 1.802, 1.704, 1.745, 1.712, 1.714, 1.769, 1.782, 1.75, 1.723,
        1.778, 1.731, 1.818, 1.636, 1.686, 1.727, 1.668, 1.698, 1.751, 1.664,
        1.686, 1.99, 1.661, 1.612, 1.889, 1.691, 1.731, 1.683, 1.669, 1.62,
        1.728, 1.619, 1.668, 2.047, 1.865, 1.908, 1.91, 1.629, 1.716, 1.68,
        1.716, 1.814, 1.729, 1.753, 1.702, 1.881, 1.711, 1.684, 1.75, 2.129,
        1.712, 1.602, 1.615, 1.798, 1.896, 1.566, 1.692, 1.53, 1.564, 1.73
      ]
    },
    "security-rules/browser/no-xss": {
      "avgMs": 13.05009,
      "runsMs": [
        22.326, 21.294, 13.831, 14.326, 11.964, 11.187, 13.301, 12.28, 12.002,
        11.244, 13.264, 11.152, 11.169, 13.285, 11.461, 12.403, 13.173, 11.551,
        11.365, 13.233, 13.72, 12.688, 12.219, 13.842, 13.723, 11.235, 16.019,
        11.678, 11.869, 11.05, 11.982, 11.612, 12.594, 12.064, 11.353, 14.339,
        13.725, 13.559, 13.204, 15.417, 13.709, 13.411, 11.856, 13.613, 13.275,
        13.003, 13.983, 13.652, 13.867, 13.798, 16.842, 13.741, 12.225, 12.503,
        11.85, 13.69, 13.12, 12.66, 12.595, 13.887, 12.745, 11.858, 12.307,
        11.776, 11.757, 12.426, 13.115, 12.342, 12.738, 13.118, 12.801, 20.774,
        12.518, 12.426, 12.029, 11.407, 11.905, 11.308, 11.303, 11.846, 12.966,
        13.19, 12.749, 12.931, 12.928, 14.222, 12.682, 12.426, 17.639, 21.222,
        12.353, 12.359, 11.601, 12.696, 11.312, 11.165, 11.692, 11.778, 12.054,
        11.562
      ]
    },
    "security-rules/pg/no-sql-injections": {
      "avgMs": 4.203709999999998,
      "runsMs": [
        9.132, 5.275, 3.881, 3.718, 3.642, 3.528, 4.041, 3.575, 3.43, 3.521,
        3.969, 3.412, 3.43, 4.184, 7.385, 3.985, 3.863, 4.907, 3.41, 4.127,
        3.78, 3.704, 3.974, 13.372, 3.979, 3.312, 3.352, 3.655, 3.81, 3.462,
        3.812, 3.517, 3.782, 3.583, 3.49, 4.257, 4.265, 4.196, 3.768, 8.943,
        4.302, 5.91, 3.569, 4.134, 4.001, 4.064, 4.099, 4.127, 3.992, 4.01,
        3.967, 10.488, 3.577, 3.83, 3.495, 4.049, 3.804, 3.655, 3.748, 3.764,
        3.797, 3.517, 3.834, 3.693, 3.475, 3.841, 3.935, 3.914, 3.792, 3.666,
        3.787, 3.781, 3.881, 3.729, 3.544, 3.489, 7.721, 3.433, 3.71, 3.601,
        4.064, 3.885, 4.017, 3.867, 3.885, 4.251, 3.937, 8.034, 3.75, 3.714,
        3.826, 3.612, 3.822, 3.82, 3.405, 3.473, 3.481, 3.409, 3.506, 3.46
      ]
    },
    "security-rules/react/no-xss": {
      "avgMs": 7.510900000000003,
      "runsMs": [
        9.038, 9.541, 6.975, 6.277, 5.939, 10.299, 6.67, 10.509, 8.278, 8.646,
        6.417, 9.032, 9.399, 10.361, 5.811, 6.168, 6.353, 9.287, 5.627, 10.041,
        9.352, 9.896, 6.19, 6.812, 6.748, 9.795, 5.762, 8.988, 5.95, 5.733,
        8.801, 5.887, 6.077, 9.842, 9.123, 6.547, 6.621, 6.558, 9.981, 6.659,
        6.766, 6.882, 10.064, 9.882, 7.13, 10.025, 6.911, 6.715, 6.569, 6.474,
        6.515, 7.416, 9.457, 10.913, 9.478, 6.459, 6.356, 5.942, 6.264, 6.146,
        10.593, 6.172, 6.141, 8.939, 5.968, 6.274, 10.24, 9.426, 6.341, 6.293,
        5.965, 6.36, 6.269, 7.421, 9.827, 6.134, 6.034, 5.562, 5.532, 6.286,
        6.53, 6.195, 6.271, 6.353, 10.735, 9.874, 6.077, 6.689, 6.142, 6.078,
        6.394, 9.843, 5.745, 6.076, 9.017, 10.645, 8.62, 6.012, 5.53, 6.133
      ]
    },
    "security-rules/mysql/no-sql-injections": {
      "avgMs": 3.7511399999999986,
      "runsMs": [
        4.948, 4.558, 3.561, 3.283, 3.144, 3.172, 7.257, 3.302, 3.115, 3.135,
        3.647, 3.116, 3.276, 3.709, 3.069, 3.526, 3.574, 3.304, 3.132, 3.603,
        3.26, 3.308, 3.219, 3.649, 3.52, 3.112, 3.059, 3.238, 6.414, 3.02,
        3.346, 3.054, 3.438, 3.229, 3.242, 3.733, 3.785, 3.535, 3.337, 3.579,
        4.406, 3.608, 3.152, 3.678, 3.703, 3.55, 3.551, 3.857, 3.638, 3.593,
        3.774, 3.595, 3.351, 3.274, 3.238, 7.122, 3.333, 3.331, 3.27, 3.27,
        3.454, 3.31, 3.333, 3.21, 7.6, 3.4, 3.441, 3.392, 4.176, 7.151, 3.43,
        3.261, 8.299, 3.364, 3.779, 3.067, 3.247, 3.171, 3.156, 3.305, 3.51,
        3.534, 3.548, 3.582, 3.505, 3.561, 7.341, 3.52, 3.275, 3.259, 3.512,
        3.325, 3.163, 3.415, 3.054, 3.257, 3.01, 3.114, 6.415, 5.866
      ]
    },
    "security-rules/universal/no-vulnerable-dependencies": {
      "avgMs": 3.737239999999998,
      "runsMs": [
        4.498, 4.074, 3.536, 3.582, 3.843, 3.603, 3.867, 4.019, 3.44, 3.611,
        3.731, 3.692, 3.431, 3.601, 3.69, 3.613, 3.534, 3.499, 3.441, 3.771,
        3.439, 3.59, 3.355, 3.876, 3.687, 3.263, 3.46, 3.412, 3.474, 3.649,
        3.452, 3.378, 3.666, 3.295, 3.355, 3.706, 3.849, 3.703, 3.875, 3.798,
        3.758, 3.772, 3.416, 3.576, 3.748, 3.507, 3.689, 3.841, 3.848, 3.624,
        3.548, 3.821, 3.596, 3.741, 3.381, 3.567, 3.479, 4.017, 4.016, 3.447,
        3.701, 3.909, 3.613, 3.797, 4.134, 3.671, 5.327, 4.571, 3.711, 3.843,
        3.748, 3.596, 4.104, 3.991, 3.798, 3.674, 3.549, 4.21, 4.438, 3.342,
        3.675, 3.604, 3.568, 3.607, 3.42, 3.78, 3.517, 4.885, 4.11, 3.587,
        4.289, 3.676, 4.072, 3.794, 3.516, 3.532, 4.239, 3.898, 3.66, 3.818
      ]
    },
    "security-rules/mysql/no-hardcoded-credentials": {
      "avgMs": 3.13953,
      "runsMs": [
        4.104, 3.527, 8.048, 2.654, 11.144, 2.683, 3.132, 2.668, 2.469, 2.466,
        2.975, 2.527, 2.474, 2.942, 2.598, 3.133, 2.918, 2.566, 7.291, 2.928,
        2.87, 2.656, 2.668, 2.978, 2.924, 2.46, 2.616, 2.59, 2.76, 2.566, 2.694,
        2.596, 2.841, 2.642, 2.643, 3.039, 3, 2.894, 2.823, 2.941, 2.973, 7.909,
        2.643, 2.954, 2.916, 2.88, 2.988, 3.063, 3.158, 3, 3.003, 2.993, 2.589,
        2.739, 2.613, 3.009, 2.757, 2.699, 2.704, 2.68, 2.755, 2.79, 6.603,
        2.707, 2.612, 2.872, 2.9, 2.783, 2.901, 2.907, 2.702, 2.626, 2.994,
        2.731, 2.694, 2.502, 2.592, 2.514, 6.087, 2.605, 2.908, 2.885, 6.575,
        2.841, 2.88, 2.943, 2.851, 2.812, 2.782, 2.694, 2.873, 2.774, 2.698,
        2.755, 2.662, 2.636, 2.545, 2.769, 2.66, 2.815
      ]
    },
    "security-rules/node/no-insecure-ciphers": {
      "avgMs": 2.7798599999999998,
      "runsMs": [
        2.8, 3.495, 2.694, 2.784, 2.583, 2.42, 3.065, 2.573, 2.258, 2.262,
        3.193, 2.296, 2.423, 3.08, 2.502, 3.14, 2.458, 2.436, 2.472, 2.961,
        2.385, 2.385, 2.524, 3.162, 2.312, 2.244, 2.305, 2.652, 2.592, 11.46,
        2.478, 2.341, 3.078, 2.565, 2.431, 3.199, 3.218, 4.642, 2.776, 3.266,
        3.053, 3.104, 2.258, 3.096, 2.784, 2.495, 2.402, 2.959, 2.459, 2.63,
        2.458, 2.991, 2.637, 2.55, 2.658, 2.877, 2.861, 2.761, 2.815, 2.818,
        2.513, 2.388, 2.684, 2.699, 2.385, 2.808, 2.959, 2.778, 2.73, 2.379,
        3.162, 2.63, 2.905, 2.389, 2.302, 2.251, 2.283, 2.605, 2.951, 2.705,
        2.687, 2.651, 2.786, 2.674, 2.985, 2.687, 2.778, 2.81, 2.736, 2.593,
        2.684, 2.3, 2.839, 3.016, 2.263, 2.398, 2.525, 2.235, 2.647, 2.61
      ]
    },
    "security-rules/node/no-unsafe-path": {
      "avgMs": 1.05336,