{
  "rules": {
    "security-rules/node/no-insecure-ciphers": {
      "avgMs": 417.9430999999999,
      "runsMs": [
        435.832, 427.446, 406.29, 442.679, 417.046, 388.394, 405.034, 421.582,
        411.295, 401.98, 408.025, 415.855, 412.958, 413.561, 414.899, 431.073,
        435.107, 454.114, 443.473, 435.785, 440.288, 431.331, 423.91, 431.691,
        401.464, 402.657, 427.301, 409.476, 408.508, 419.447, 415.745, 432.688,
        432.33, 433.777, 417.305, 403.856, 426.234, 399.886, 412.433, 424.466,
        411.125, 411.923, 409.577, 417.594, 411.934, 413.119, 421.936, 439.262,
        409.497, 423.309, 411.779, 429.059, 418.594, 382.676, 428.872, 415.219,
        398.771, 403.388, 389.104, 418.32, 400.315, 427.281, 394.109, 401.701,
        408.734, 423.172, 408.854, 428.366, 416.187, 433.021, 428.679, 394.536,
        416.958, 413.683, 397.231, 418.148, 425.815, 403.491, 435.498, 406.211,
        427.725, 397.388, 418.602, 415.29, 417.924, 424.95, 423.13, 415.221,
        432.246, 408.703, 427.098, 425.57, 410.798, 408.654, 426.823, 420.34,
        424.796, 432.485, 433.702, 438.596
      ]
    },
    "security-rules/react/no-xss": {
      "avgMs": 106.25387,
      "runsMs": [
        116.409, 105.062, 99.357, 114.909, 109.901, 99.87, 103.712, 107.694,
        101.707, 102.512, 102.701, 106.667, 103.6, 111.982, 108.513, 104.534,
        105.51, 115.448, 111.325, 117.194, 112.791, 106.26, 111.176, 113.959,
        101.154, 98.761, 109.109, 104.729, 113.803, 104.288, 106.976, 107.011,
        103.367, 103.115, 102.996, 106.382, 109.3, 97.971, 103.123, 107.485,
        105.689, 100.632, 104.4, 108.646, 107.6, 103.108, 103.454, 110.652,
        104.925, 110.981, 98.879, 108.063, 104.699, 100.437, 104.142, 104.277,
        103.666, 104.28, 104.147, 100.73, 99.489, 108.17, 108.982, 100.181,
        105.25, 108.527, 106.108, 103.249, 102.846, 109.313, 107.545, 106.989,
        102.236, 100.513, 98.342, 107.481, 108.017, 100.87, 117.097, 102.784,
        105.066, 107.047, 104.741, 106.108, 104.262, 111.299, 113.124, 101.16,
        115.706, 112.935, 103.941, 108.673, 110.279, 106.604, 105.216, 106.561,
        102.485, 114.744, 111.022, 104.655
      ]
    },
    "security-rules/pg/no-sql-injections": {
      "avgMs": 87.36751,
      "runsMs": [
        92.135, 81.494, 80.919, 86.734, 89.122, 85.743, 83.639, 93.981, 88.006,
        83.916, 95.288, 91.1, 92.661, 84.52, 91.113, 90.125, 97.219, 93.531,
        93.949, 88.532, 101.271, 88.33, 88.251, 90.051, 88.315, 89.362, 89.872,
        88.175, 82.956, 88.055, 85.562, 90.71, 84.827, 83.173, 84.799, 88.559,
        81.118, 83.047, 83.386, 87.327, 83.664, 86.103, 89.329, 92.069, 88.767,
        82.835, 88.476, 87.267, 85.505, 89.093, 86.56, 86.326, 85.852, 78.705,
        82.586, 91.158, 86.384, 91.308, 83.478, 85.373, 84.805, 92.352, 84.606,
        83.49, 85.225, 84.952, 88.603, 84.525, 81.743, 83.846, 93.518, 85.144,
        81.066, 81.939, 88.678, 85.154, 84.521, 83.793, 88.085, 88.006, 85.782,
        78.479, 89.637, 88.926, 90.689, 86.276, 87.917, 88.642, 85.7, 97.083,
        87.178, 87.543, 84.161, 85.41, 94.067, 85.198, 92.271, 88.199, 90.079,
        87.752
      ]
    },
    "security-rules/browser/no-xss": {
      "avgMs": 76.53919000000003,
      "runsMs": [
        81.072, 75.296, 71.529, 75.732, 84.985, 69.737, 72.121, 87.21, 71.742,
        72.564, 75.912, 79.152, 79.691, 74.445, 83.567, 74.694, 84.109, 81.246,
        76.582, 80.29, 77.564, 73.824, 76.056, 83.292, 71.181, 71.806, 77.693,
        76.703, 83.371, 75.038, 79.984, 73.34, 84.296, 78.297, 74.8, 77.687,
        75.95, 72.851, 71.02, 80.997, 75.902, 77.637, 74.84, 75.897, 77.909,
        72.517, 78.456, 75.092, 77.373, 77.034, 71.371, 79.388, 77.219, 72.464,
        82.582, 73.835, 74.068, 71.109, 77.124, 69.555, 76.563, 74.396, 79.188,
        77.494, 79.899, 74.478, 75.608, 75.771, 71.715, 79.143, 75.749, 69.159,
        71.625, 69.109, 72.521, 76.234, 76.733, 74.456, 76.802, 75.614, 80.338,
        80.082, 79.127, 75.118, 75.01, 75.897, 81.613, 75.706, 76.24, 81.516,
        75.09, 80.648, 75.001, 75.768, 81.371, 74.735, 74.39, 76.194, 78.264,
        80.756
      ]
    },
    "security-rules/mysql/no-sql-injections": {
      "avgMs": 81.54213,
      "runsMs": [
        78.004, 78.33, 80.187, 83.732, 85.038, 75.97, 82.321, 82.48, 78.2,
        78.881, 78.777, 83.098, 82.172, 77.386, 85.746, 86.135, 85.252, 83.331,
        90.85, 85.455, 83.186, 81.784, 79.741, 82.985, 78.41, 78.482, 78.419,
        85.839, 81.773, 84.923, 81.815, 81.422, 80.607, 82.517, 81.537, 80.839,
        78.202, 79.885, 81.115, 85.844, 76.962, 76.361, 85.948, 79.954, 86.622,
        78.187, 85.328, 80.955, 81.909, 81.387, 76.891, 81.722, 82.089, 77.672,
        76.519, 86.428, 77.376, 75.568, 76.283, 79.427, 78.369, 77.77, 78.866,
        79.338, 87.362, 85.719, 86.678, 80.551, 81.547, 88.819, 80.497, 80.162,
        75.21, 83.312, 84.669, 78.931, 80.657, 81.191, 82.088, 76.716, 81.903,
        72.204, 84.233, 80.724, 80.12, 84.247, 81.87, 90.158, 82.685, 83.784,
        83.732, 83.572, 90.934, 80.427, 80.329, 82.733, 81.953, 80.094, 82.694,
        83.107
      ]
    },
    "security-rules/mysql/no-hardcoded-credentials": {
      "avgMs": 71.66083000000002,
      "runsMs": [
        70.935, 70.221, 69.501, 74.439, 79.712, 70.914, 71.987, 83.003, 70.702,
        70.284, 71.308, 72.433, 68.494, 69.865, 69.474, 70.573, 75.599, 78.789,
        77.056, 87.23, 73.846, 71.793, 70.36, 70.825, 69.066, 72.414, 67.425,
        70.562, 68.905, 73.834, 70.3, 71.689, 71.73, 68.919, 70.741, 77.516,
        67.438, 74.712, 74.295, 69.32, 64.705, 70.825, 74.577, 70.487, 73.319,
        67.472, 71.614, 71.797, 70.638, 74.661, 75.494, 70.902, 67.966, 68.644,
        73.52, 72.754, 73.049, 68.628, 67.518, 66.835, 70.198, 69.821, 72.643,
        67.946, 71.089, 71.559, 72.435, 68.607, 70.934, 71.802, 74.389, 66.436,
        65.071, 66.295, 78.478, 73.547, 72.27, 67.59, 77.109, 69.715, 71.148,
        70.008, 70.543, 74.926, 68.441, 69.75, 69.028, 75.82, 70.089, 75.831,
        73.525, 77.947, 70.726, 69.071, 69.908, 71.005, 71.125, 72.201, 74.589,
        68.854
      ]
    },
    "security-rules/universal/no-vulnerable-dependencies": {
      "avgMs": 24.760640000000002,
      "runsMs": [
        28.726, 24.22, 23.445, 23.189, 25.771, 22.945, 22.221, 23.932, 21.707,
        21.994, 22.148, 23.74, 24.538, 22.707, 26.439, 25.437, 22.605, 23.757,
        23.086, 23.535, 25.542, 24.538, 24.807, 24.69, 24.221, 25.928, 24.139,
        25.755, 24.487, 24.844, 26.81, 23.652, 24.992, 25.366, 24.473, 25.219,
        28.368, 24.711, 26.38, 27.064, 25.638, 24.171, 26.64, 24.912, 24.292,
        24.484, 24.041, 24.275, 23.045, 26.665, 25.694, 24.323, 24.828, 24.945,
        24.11, 24.121, 25.161, 25.018, 25.164, 24.828, 24.264, 25.469, 24.113,
        23.928, 24.093, 25.341, 26.609, 25.47, 25.175, 24.604, 24.735, 25.228,
        24.941, 25.709, 24.151, 25.335, 25.44, 27.6, 24.723, 25.37, 24.138,
        23.814, 25.447, 23.962, 24.728, 25.461, 24.675, 24.532, 26.005, 24.38,
        24.851, 24.796, 24.518, 24.673, 24.574, 26.339, 25.112, 24.583, 24.372,
        24.323
      ]
    },
    "security-rules/node/no-unsafe-path": {
      "avgMs": 21.750150000000005,