{
  "heapUsageMb": {
    "withRules": {
      "runsMs": [
        119.8445053100586, 147.15807342529297, 157.79627990722656,
        166.8990249633789, 147.92689514160156, 120.98149108886719,
        136.3248291015625, 122.39954376220703, 143.76033782958984,
        147.93819427490234, 145.57005310058594, 119.00492095947266,
        144.39925384521484, 148.33322143554688, 111.15776824951172,
        147.02297973632812, 127.84453582763672, 149.11957550048828,
        148.4322738647461, 117.4298095703125, 116.95448303222656,
        121.32290649414062, 150.11526489257812, 146.62754821777344,
        114.98116302490234, 115.28107452392578, 176.8810577392578,
        122.46068572998047, 123.55697631835938, 151.58959197998047,
        128.26734924316406, 116.05829620361328, 136.4814453125, 124.60009765625,
        120.71561431884766, 121.11717224121094, 120.42103576660156,
        159.76163482666016, 146.47145080566406, 151.94476318359375,
        143.94166564941406, 150.87334442138672, 120.53985595703125,
        121.425537109375, 149.6598358154297, 141.9972686767578,
        120.93158721923828, 123.42000579833984, 116.34603118896484,
        115.1231689453125, 138.16598510742188, 114.05589294433594,
        135.1212615966797, 152.4276123046875, 117.2302474975586,
        143.12340545654297, 153.06138610839844, 117.36099243164062,
        145.254150390625, 148.24407196044922, 138.2706756591797,
        148.45195770263672, 121.73301696777344, 145.6183853149414,
        136.4172821044922, 147.91097259521484, 117.29765319824219,
        119.65946960449219, 164.44086456298828, 123.97284698486328,
        118.5593032836914, 175.86910247802734, 121.26636505126953,
        125.40795135498047, 112.04002380371094, 149.79811096191406,
        121.32894897460938, 122.76696014404297, 140.07683563232422,
        116.00119018554688, 153.67672729492188, 121.72476196289062,
        135.53610229492188, 142.27598571777344, 118.26984405517578,
        113.06917572021484, 118.93173217773438, 131.23438262939453,
        169.4225845336914, 118.16726684570312, 168.9126434326172,
        153.01490020751953, 117.87940216064453, 171.38312530517578,
        118.61979675292969, 121.08306884765625, 143.26868438720703,
        119.84639739990234, 125.82080078125, 149.5624008178711
      ],
      "avgMs": 134.81844184875487
    },
    "withoutRules": {
      "runsMs": [
        10.465232849121094, 26.39612579345703, 21.48998260498047,
        8.5562744140625, 23.887054443359375, 344.57572174072266,
        8.234748840332031, 32.967552185058594, 23.314208984375,
        12.363563537597656, 17.906341552734375, 23.034408569335938,
        23.413177490234375, 22.729598999023438, 22.666900634765625,
        23.107521057128906, 18.748321533203125, 23.60918426513672,
        10.617805480957031, 10.736740112304688, 8.284202575683594,
        9.067787170410156, 11.281417846679688, 23.27045440673828,
        16.460052490234375, 23.405960083007812, 12.755699157714844,
        23.2215576171875, 8.2320556640625, 9.359794616699219,
        22.728721618652344, 31.528030395507812, 12.081916809082031,
        24.032569885253906, 23.71495819091797, 30.205039978027344,
        16.969436645507812, 9.085502624511719, 8.557884216308594,
        10.076461791992188, 9.172233581542969, 22.322677612304688,
        28.454086303710938, 10.341583251953125, 12.707298278808594,
        349.7924041748047, 17.92969512939453, 17.145828247070312,
        8.242134094238281, 9.358833312988281, 16.279685974121094,
        23.436668395996094, 22.28179168701172, 16.038917541503906,
        20.866241455078125, 23.57288360595703, 8.411880493164062,
        21.8121337890625, 17.575523376464844, 23.975128173828125, 17.3486328125,
        36.7459716796875, 19.05059814453125, 336.89442443847656,
        23.454917907714844, 33.09449005126953, 21.158187866210938,
        10.746612548828125, 25.67559814453125, 11.222389221191406,
        7.7805328369140625, 18.080650329589844, 37.20189666748047,
        22.844825744628906, 21.730613708496094, 9.880851745605469,
        11.123329162597656, 9.69000244140625, 11.379310607910156,
        22.930992126464844, 10.133193969726562, 32.262901306152344,
        346.0480651855469, 18.221542358398438, 15.941352844238281,
        8.821578979492188, 9.652900695800781, 16.512847900390625,
        30.576705932617188, 19.004776000976562, 22.774993896484375,
        12.872268676757812, 15.362510681152344, 9.195343017578125,
        19.007522583007812, 10.47589111328125, 39.93524169921875,
        18.690414428710938, 23.022850036621094, 8.22174072265625
      ],
      "avgMs": 31.17627067565918
    }
  },
  "meta": {
    "target": "./repos/CVE-2020-27666",
    "linesOfCode": {
      "files": 2346,
      "blank": 20629,
      "comment": 7064,
      "code": 164761
    }
  }
}
