{
  "rules": {
    "security-rules/package/no-vulnerable-dependencies": {
      "avgMs": 447.6988999999999,
      "runsMs": [
        40615.23, 40.156, 38.903, 38.676, 40.622, 41.159, 42.569, 41.935,
        41.621, 40.753, 39.404, 39.224, 38.96, 40.769, 39.664, 41.45, 40.781,
        46.101, 42.125, 42.747, 41.255, 41.343, 38.193, 42.522, 41.648, 42.071,
        40.909, 41.694, 44.03, 46.35, 41.991, 41.507, 41.638, 47.204, 43.119,
        42.186, 42.021, 42.187, 39.847, 47.465, 40.034, 38.988, 37.735, 39.608,
        43.292, 48.102, 43.572, 43.1, 38.815, 42.122, 42.356, 43.401, 41.096,
        46.334, 46.295, 41.032, 43.441, 43.12, 42.185, 42.68, 42.189, 48.186,
        40.771, 41.184, 40.547, 41.972, 43.933, 40.602, 42.412, 43.283, 41.302,
        42.056, 42.196, 40.943, 43.998, 41.737, 41.765, 41.925, 40.818, 41.046,
        44.952, 45.98, 40.799, 40.407, 40.817, 43.504, 40.106, 41.644, 41.57,
        41.505, 42.384, 43.756, 41.148, 40.912, 41.342, 41.645, 41.846, 41.629,
        40.935, 40.807
      ]
    },
    "security-rules/universal/no-vulnerable-dependencies": {
      "avgMs": 637.3343599999998,
      "runsMs": [
        18856.862, 422.037, 408.45, 430.616, 425.416, 422.454, 435.124, 424.627,
        414.751, 431.352, 432.191, 439.283, 424.262, 422.837, 435.977, 440.212,
        423.514, 451.475, 447.503, 469.538, 448.804, 424.491, 410.879, 420.437,
        456.379, 450.5, 458.622, 456.825, 457.694, 442.399, 442.777, 457.001,
        462.957, 461.56, 480.851, 456.622, 477.751, 468.814, 440.927, 441.378,
        449.731, 446.468, 424.626, 447.022, 466.267, 452.012, 455.727, 442.406,
        417.993, 462.875, 443.819, 463.632, 459.095, 466.268, 515.377, 449.321,
        454.814, 446.354, 482.849, 472.214, 466.215, 491.993, 443.004, 448.496,
        458.441, 460.204, 472.622, 441.844, 460.287, 452.145, 453.836, 467.028,
        472.246, 456.58, 484.402, 459.528, 447.145, 477.726, 461.967, 450.183,
        494.235, 485.168, 468.21, 450.85, 460.275, 459.158, 453.42, 469.618,
        465.924, 475.366, 480.889, 466.923, 449.465, 447.102, 472.168, 466.006,
        450.942, 467.822, 464.382, 464.602
      ]
    },
    "security-rules/react/no-xss": {
      "avgMs": 257.80074000000013,
      "runsMs": [
        358.86, 242.162, 253.744, 251.911, 243.123, 243.677, 253.905, 255.043,
        256.451, 252.929, 240.862, 238.992, 250.827, 245.924, 241.225, 253.5,
        247.704, 258.07, 266.991, 260.151, 261.421, 243.648, 253.707, 251.765,
        250.942, 251.223, 258.229, 253.218, 257.913, 253.393, 251.834, 262.727,
        254.402, 263.189, 271.988, 258.383, 251.929, 265.121, 253.02, 265.263,
        249.403, 259.553, 244.027, 247.382, 262.721, 277.614, 252.847, 252.415,
        247.534, 243.448, 243.361, 262.803, 253.433, 254.168, 277.122, 251.617,
        258.414, 258.828, 270.211, 266.762, 276.572, 267.451, 248.936, 253.466,
        256.595, 256.425, 259.898, 251.675, 261.051, 258.013, 257.485, 251.854,
        257.148, 271.074, 267.142, 254.204, 256.294, 264.104, 251.866, 255.933,
        261.264, 271.33, 255.471, 253.774, 256.626, 262.59, 255.062, 253.489,
        261.972, 260.752, 263.353, 264.541, 270.672, 254.412, 264.022, 260.907,
        269.367, 257.226, 258.51, 264.519
      ]
    },
    "security-rules/node/no-insecure-ciphers": {
      "avgMs": 166.25598,
      "runsMs": [
        194.767, 157.67, 160.557, 162.193, 165.71, 160.377, 161.209, 161.714,
        167.482, 160.136, 155.92, 159.45, 164.034, 164.181, 156.199, 164.44,
        155.553, 164.024, 165.809, 174.219, 166.533, 161.337, 162.558, 161.547,
        161.841, 158.237, 162.092, 166.841, 168.469, 172.053, 168.546, 166.112,
        165.52, 175.705, 172.647, 161.972, 166.173, 168.965, 164.732, 161.827,
        162.31, 161.265, 160.957, 163.189, 173.641, 186.355, 161.485, 160.268,
        157.273, 159.811, 161.271, 166.372, 176.185, 158.962, 184.393, 165.841,
        167.662, 163.974, 167.775, 161.235, 175.022, 164.878, 157.134, 167.116,
        167.702, 159.408, 164.525, 159.177, 166.139, 166.326, 164.793, 166.974,
        161.87, 168.142, 176.784, 166.978, 161.865, 160.604, 164.412, 172.23,
        173.06, 169.963, 168.153, 172.642, 163.112, 166.186, 160.571, 159.805,
        160.762, 224.119, 168.393, 166.577, 173.277, 166.103, 168.557, 162.069,
        168.974, 169.589, 166.434, 175.598
      ]
    },
    "security-rules/node/no-unsafe-path": {
      "avgMs": 84.31798,
      "runsMs": [
        84.163, 80.338, 83.447, 82.783, 84.409, 78.308, 90.438, 82.455, 81.64,
        80.569, 84.184, 83.97, 81.351, 79.083, 79.151, 88.297, 81.722, 84.967,
        89.536, 81.446, 82.753, 77.184, 79.959, 86.817, 86.342, 84.732, 80.557,
        82.561, 87.063, 84.742, 82.721, 85.879, 85.09, 85.018, 85.948, 81.197,
        86.743, 83.373, 77.841, 84.462, 85.525, 82.615, 85.217, 80.784, 86.964,
        83.409, 81.743, 78.802, 82.133, 80.583, 85.007, 81.975, 86.066, 80.817,
        86.173, 85.955, 85.031, 85.721, 91.938, 79.991, 88.897, 87.26, 83.892,
        85.308, 82.813, 87.534, 79.702, 84.274, 80.188, 84.717, 84.322, 84.002,
        87.906, 88.93, 93.192, 81.574, 82.283, 85.663, 84.975, 80.164, 91.587,
        86.045, 85.573, 84.953, 83.422, 86.768, 83.319, 83.486, 81.458, 107.523,
        83.605, 83.387, 84.299, 82.534, 83.447, 84.059, 84.184, 85.992, 88.729,
        90.144
      ]
    },
    "security-rules/pg/no-sql-injections": {
      "avgMs": 21.207540000000012,
      "runsMs": [
        30.358, 23.636, 20.62, 22.835, 19.763, 20.116, 20.577, 20.612, 20.615,
        19.968, 19.691, 20.039, 19.881, 20.087, 19.296, 20.592, 19.469, 20.695,
        21.472, 20.36, 20.883, 20.304, 22.113, 20.462, 20.525, 22.673, 19.863,
        20.633, 23.124, 20.577, 20.354, 21.128, 21.437, 21.63, 22.99, 20.683,
        23.512, 20.984, 21.697, 20.616, 20.664, 20.194, 20.29, 20.207, 23.809,
        22.06, 20.462, 22.069, 22.08, 19.843, 23.622, 21.166, 20.799, 20.663,
        21.746, 20.602, 23.342, 20.568, 21.727, 20.732, 21.091, 21.368, 23.012,
        20.307, 20.586, 20.989, 20.313, 19.774, 22.805, 20.791, 21.376, 20.758,
        21.31, 21.429, 22.217, 20.027, 20.325, 20.846, 19.888, 21.073, 24.691,
        20.678, 20.689, 20.707, 20.592, 20.211, 20.688, 20.706, 22.728, 21.649,
        21.135, 21.843, 20.594, 20.145, 20.617, 20.775, 21.824, 22.645, 22.429,
        21.608
      ]
    },
    "security-rules/browser/no-xss": {
      "avgMs": 20.980660000000007,
      "runsMs": [
        25.881, 20.334, 21.229, 22.279, 20.01, 19.696, 20.492, 21.175, 21.072,
        19.693, 20.292, 19.55, 22.91, 20.36, 18.879, 22.965, 20.557, 21.366,
        21.863, 23.34, 20.243, 19.981, 22.482, 22.222, 20.123, 20.541, 19.897,
        20.325, 21.496, 21.522, 19.811, 20.504, 21.032, 22.919, 21.874, 20.518,
        20.169, 20.228, 22.102, 21.078, 20.669, 19.982, 22.371, 20.219, 20.689,
        21.881, 20.197, 20.869, 20.162, 19.458, 20.094, 20.757, 20.293, 20.032,
        21.967, 20.311, 20.537, 20.843, 20.94, 20.278, 20.389, 20.558, 21.424,
        21.487, 20.288, 20.644, 21.954, 19.387, 21.644, 20.163, 20.513, 20.369,
        20.672, 24.37, 21.69, 19.83, 21.948, 21.088, 20.363, 22.227, 20.846,
        21.104, 20.372, 20.554, 20.431, 22.533, 23.053, 23.635, 19.818, 21.429,
        22.937, 21.466, 20.317, 19.515, 20.173, 20.441, 21.016, 20.878, 19.867,
        21.114
      ]
    },
    "security-rules/mysql/no-sql-injections": {
      "avgMs": 18.95222,