{
  "heapUsageMb": {
    "withRules": {
      "runsMs": [
        33.4937744140625, 216.52709197998047, 218.12460327148438,
        211.1070785522461, 220.1170654296875, 207.3189468383789,
        211.8643798828125, 209.605224609375, 205.14836883544922,
        210.60790252685547, 219.5565948486328, 220.48695373535156,
        210.18698120117188, 218.41490936279297, 219.98575592041016,
        203.97478485107422, 220.69943237304688, 219.5304412841797,
        209.5913314819336, 204.13687133789062, 204.1289825439453,
        220.62737274169922, 204.23383331298828, 219.8662109375,
        204.16712188720703, 216.51537322998047, 210.746337890625,
        218.46041870117188, 210.22174072265625, 209.60934448242188,
        210.01478576660156, 201.35409545898438, 203.91888427734375,
        205.1367416381836, 203.98435974121094, 220.81646728515625,
        217.6483917236328, 217.17810821533203, 216.39810180664062,
        209.706787109375, 220.53369903564453, 209.9550323486328,
        219.84366607666016, 220.7635498046875, 220.07860565185547,
        220.3529052734375, 220.50030517578125, 204.90935516357422,
        210.4281768798828, 220.29618072509766, 217.7547149658203,
        204.91802215576172, 210.26161193847656, 220.93050384521484,
        216.51995849609375, 217.99602508544922, 205.7520980834961,
        210.2176055908203, 204.06509399414062, 211.5646514892578,
        209.47756958007812, 209.72317504882812, 219.9143295288086,
        209.89603424072266, 202.36322021484375, 220.52739715576172,
        211.44488525390625, 204.32102966308594, 212.14546966552734,
        209.9348907470703, 209.82505798339844, 211.3837661743164,
        211.2400665283203, 220.1800537109375, 209.5845947265625,
        209.41494750976562, 210.12236785888672, 210.60466766357422,
        209.52557373046875, 204.2313003540039, 210.53803253173828,
        217.5401840209961, 210.55477905273438, 210.86742401123047,
        209.92446899414062, 204.20775604248047, 219.49150848388672,
        216.68734741210938, 205.2225799560547, 210.18165588378906,
        209.5712127685547, 204.46135711669922, 219.85269165039062,
        210.41946411132812, 221.3523941040039, 220.89911651611328,
        203.78032684326172, 220.0605697631836, 219.3470687866211,
        209.89661407470703
      ],
      "avgMs": 210.73570663452148
    },
    "withoutRules": {
      "runsMs": [
        180.50080108642578, 181.19046783447266, 180.60130310058594,
        170.94735717773438, 170.36293029785156, 182.17713928222656,
        170.7826156616211, 182.39683532714844, 183.48784637451172,
        181.50565338134766, 171.20217895507812, 170.79401397705078,
        171.7918701171875, 181.21578979492188, 180.7649154663086,
        183.92623138427734, 181.76385498046875, 170.86512756347656,
        182.46925354003906, 183.6614990234375, 184.58116912841797,
        181.34933471679688, 184.0570831298828, 171.4222412109375,
        183.86907958984375, 182.47157287597656, 182.3086929321289,
        181.50189971923828, 181.74480438232422, 182.63694763183594,
        181.17296600341797, 182.28448486328125, 184.52023315429688,
        160.94605255126953, 183.99793243408203, 171.8013153076172,
        181.54351043701172, 181.24523162841797, 182.07067108154297,
        182.4328384399414, 181.68598175048828, 171.18240356445312,
        170.66876983642578, 171.18647003173828, 181.1218032836914,
        181.43650817871094, 171.95164489746094, 176.96185302734375,
        171.0164566040039, 171.61112213134766, 181.45651245117188,
        183.47396850585938, 182.23391723632812, 170.42056274414062,
        181.4912567138672, 181.05401611328125, 176.6267547607422,
        182.39749908447266, 184.37033081054688, 170.38007354736328,
        181.00756072998047, 182.17456817626953, 180.8369598388672,
        181.7251968383789, 182.09456634521484, 181.11148834228516,
        170.62206268310547, 184.4811782836914, 170.68639373779297,
        181.43389892578125, 182.01964569091797, 170.69306182861328,
        170.09295654296875, 181.31246185302734, 182.0291748046875,
        182.4636001586914, 182.01728057861328, 180.50814819335938,
        182.2691650390625, 184.4048843383789, 181.68321228027344,
        181.18431091308594, 180.93783569335938, 170.5966796875,
        181.8753890991211, 184.33786010742188, 181.57266235351562,
        181.36514282226562, 176.2626953125, 181.40187072753906,
        181.81090545654297, 183.68482971191406, 171.09313201904297,
        180.6893310546875, 170.7126922607422, 170.46607208251953,
        183.43511199951172, 170.6785888671875, 171.5857162475586,
        180.70679473876953
      ],
      "avgMs": 178.73158737182618
    }
  },
  "meta": {
    "target": "./repos/CVE-2018-6184",
    "linesOfCode": {
      "files": 625,
      "blank": 2357,
      "comment": 786,
      "code": 16156
    }
  }
}
