{
  "heapUsageMb": {
    "withRules": {
      "runsMs": [
        72.24890899658203, 65.8395767211914, 61.82685089111328,
        66.45364379882812, 72.4672622680664, 56.95789337158203,
        72.36100769042969, 72.24297332763672, 67.4317855834961,
        63.072303771972656, 72.68002319335938, 66.22433471679688,
        64.64523315429688, 70.53398132324219, 66.6566162109375,
        61.98637390136719, 60.079368591308594, 66.50767517089844,
        66.69368743896484, 67.06291961669922, 72.60346221923828,
        61.70164489746094, 61.02925109863281, 67.25739288330078,
        73.00065612792969, 66.37692260742188, 71.3036880493164,
        65.15177917480469, 65.8061294555664, 67.06015014648438,
        79.18698120117188, 72.1173095703125, 70.74759674072266,
        72.86222076416016, 62.67425537109375, 79.13385009765625,
        61.9444580078125, 66.88024139404297, 62.701866149902344,
        62.82862091064453, 73.43831634521484, 72.27794647216797,
        72.63631439208984, 66.9722900390625, 71.25140380859375,
        62.902427673339844, 72.56346893310547, 70.91779327392578,
        61.73926544189453, 67.23558044433594, 65.41804504394531,
        65.27955627441406, 72.53189849853516, 61.839324951171875,
        64.93799591064453, 58.698280334472656, 65.0145034790039,
        72.9140396118164, 62.59386444091797, 61.707366943359375,
        65.1165771484375, 72.57211303710938, 64.34355163574219,
        66.61076354980469, 69.22232818603516, 72.44596862792969,
        71.13764190673828, 64.1178207397461, 66.49711608886719,
        65.71626281738281, 66.45365905761719, 64.37853240966797,
        70.12641143798828, 72.29798889160156, 61.67449951171875,
        67.20780944824219, 72.77734375, 61.46276092529297, 63.82897186279297,
        61.49507141113281, 57.890625, 62.59393310546875, 65.0370101928711,
        62.55205535888672, 66.93328857421875, 79.18021392822266,
        66.96515655517578, 58.55229187011719, 72.8570785522461,
        65.1420669555664, 66.92335510253906, 65.09654235839844,
        73.26435852050781, 64.04216003417969, 70.8094482421875,
        61.690757751464844, 62.81659698486328, 70.65910339355469,
        72.69448852539062, 72.83570861816406
      ],
      "avgMs": 67.17230010986329
    },
    "withoutRules": {
      "runsMs": [
        62.473785400390625, 61.846588134765625, 53.321441650390625,
        61.937782287597656, 62.471839904785156, 61.08085632324219,
        62.411285400390625, 62.71394348144531, 51.578338623046875,
        52.463951110839844, 51.52259063720703, 62.711669921875,
        51.89247131347656, 62.72248077392578, 62.4925537109375,
        60.742027282714844, 56.21288299560547, 51.32054901123047,
        62.28392028808594, 51.46208190917969, 51.539085388183594,
        61.22850036621094, 61.23564147949219, 51.75365447998047,
        51.052574157714844, 62.297119140625, 62.59992218017578,
        48.59980010986328, 51.432395935058594, 50.696495056152344,
        50.956695556640625, 62.59326934814453, 62.487510681152344,
        51.19780731201172, 62.62251281738281, 50.867225646972656, 60.759765625,
        50.957237243652344, 52.047630310058594, 52.33496856689453,
        51.424102783203125, 62.50639343261719, 51.40221405029297,
        51.35365295410156, 62.89830780029297, 52.450416564941406,
        51.91399383544922, 62.75511169433594, 61.1881103515625,
        51.24858093261719, 51.51763153076172, 51.431793212890625,
        51.45964050292969, 62.7479248046875, 51.875633239746094,
        63.363059997558594, 51.664817810058594, 51.727516174316406,
        52.89707946777344, 62.80048370361328, 51.71458435058594,
        62.454833984375, 51.906517028808594, 51.221527099609375,
        60.890968322753906, 62.625518798828125, 62.264549255371094,
        51.78962707519531, 62.2041015625, 51.24995422363281, 51.21177673339844,
        51.47174835205078, 62.12678527832031, 62.43121337890625,
        61.05107116699219, 51.670501708984375, 51.23308563232422,
        61.143157958984375, 52.10504150390625, 61.01893615722656,
        63.742820739746094, 62.49784851074219, 51.72138214111328,
        62.51414489746094, 62.91465759277344, 50.882659912109375,
        62.71305847167969, 63.3863525390625, 51.711273193359375,
        51.632659912109375, 50.76319885253906, 51.31324005126953,
        51.33735656738281, 51.846458435058594, 62.25189208984375,
        62.828269958496094, 62.749603271484375, 62.549896240234375,
        62.60456085205078, 51.49486541748047
      ],
      "avgMs": 56.72791015625
    }
  },
  "meta": {
    "target": "./repos/CVE-2020-26226",
    "linesOfCode": {
      "files": 65,
      "blank": 1193,
      "comment": 792,
      "code": 8352
    }
  }
}
