{
  "rules": {
    "security-rules/universal/no-vulnerable-dependencies": {
      "avgMs": 90.37898999999997,
      "coldMs": 593.146,
      "runsMs": [
        93.146, 85.485, 85.956, 86.442, 92.915, 88.234, 91.493, 90.612, 90.267,
        88.217, 86.856, 90.275, 88.892, 92.059, 88.855, 88.872, 89.729, 91.655,
        86.735, 88.245, 90.242, 88.441, 86.508, 89.379, 91.71, 92.142, 92.649,
        90.057, 93.14, 86.907, 89.261, 85.964, 88.319, 85.58, 87.704, 85.29,
        87.213, 88.641, 86.883, 85.183, 86.792, 92.621, 85.771, 92.153, 94.718,
        90.611, 92.505, 90.222, 89.553, 92.826, 92.316, 93.22, 92.934, 91.827,
        90.744, 90.083, 90.835, 90.004, 90.507, 92.434, 92.328, 90.93, 89.571,
        91.387, 89.896, 90.985, 92.2, 92.841, 91.776, 92.611, 91.461, 91.878,
        94.092, 91.585, 92.231, 93.097, 92.39, 90.78, 87.79, 88.49, 96.326,
        90.984, 91.823, 94.434, 91.071, 93.85, 91.283, 91.518, 93.278, 91.547,
        89.803, 91.064, 90.577, 88.674, 90.631, 90.213, 93.231, 88.817, 91.445,
        90.182
      ]
    },
    "security-rules/react/no-xss": {
      "avgMs": 149.25782999999993,
      "coldMs": 157.251,
      "runsMs": [
        157.251, 150.723, 148.798, 145.02, 160.339, 163.664, 157.042, 167.329,
        148.158, 152.317, 167.642, 147.901, 154.991, 157.39, 172.34, 162.374,
        166.153, 171.265, 150.777, 148.639, 151.195, 146.282, 146.702, 147.788,
        149.928, 154.417, 150.536, 163.66, 152.405, 159.032, 160.507, 147.678,
        151.351, 144.637, 152.235, 156.355, 158.645, 148.684, 157.132, 155.685,
        153.913, 155.11, 153.291, 146.863, 152.687, 143.587, 139.929, 153.266,
        146.075, 146.315, 145.433, 140.451, 146.342, 136.54, 141.531, 139.576,
        141.041, 147.355, 140.231, 140.697, 141.521, 155.936, 144.32, 142.305,
        149.113, 145.395, 147.473, 140.846, 137.991, 138.867, 151.917, 134.213,
        141.722, 144.967, 147.238, 143.196, 150.891, 151.251, 145.262, 143.546,
        141.863, 140.319, 143.39, 132.012, 149.728, 147.696, 148.213, 153.77,
        143.375, 147.853, 147.222, 147.464, 154.202, 150.152, 144.11, 142.145,
        146.116, 142.798, 151.332, 138.853
      ]
    },
    "security-rules/node/no-insecure-ciphers": {
      "avgMs": 59.58607000000001,
      "coldMs": 55.217,
      "runsMs": [
        55.217, 56.249, 61.721, 55.685, 60.719, 63.064, 68.966, 69.061, 53.87,
        60.461, 59.678, 65.474, 71.787, 58.692, 60.536, 58.62, 62.689, 61.561,
        56.477, 58.453, 62.864, 55.135, 57.048, 56.801, 62.731, 54.758, 59.664,
        58.945, 61.246, 61.163, 61.529, 60.254, 63.769, 65.459, 60.223, 59.592,
        62.74, 63.856, 67.988, 59.713, 68.14, 62.751, 66.603, 58.43, 52.465,
        63.259, 63.345, 59.967, 56.224, 55.458, 61.251, 54.704, 49.983, 57.247,
        57.646, 61.796, 59.84, 52.131, 53.434, 54.93, 64.987, 54.579, 62.243,
        59.141, 62.156, 49.834, 57.717, 53.913, 60.398, 55.107, 51.073, 66.553,
        58.305, 59.013, 59.723, 52.303, 61.641, 61.185, 54.311, 61.476, 63.942,
        60.581, 56.916, 58.941, 62.144, 50.229, 53.415, 58.757, 58.519, 62.447,
        61.006, 55.808, 54.198, 56.161, 65.068, 57.151, 63.236, 62.936, 65.83,
        61.602
      ]
    },
    "security-rules/mysql/no-sql-injections": {
      "avgMs": 19.587170000000004,
      "coldMs": 25.005,
      "runsMs": [
        20.005, 18.113, 21.475, 18.418, 20.308, 19.217, 22.818, 20.6, 21.135,
        21.172, 19.287, 22.589, 24.373, 24.332, 20.469, 20.861, 22.617, 20.068,
        20.476, 18.742, 20.541, 19.587, 18, 18.174, 19.222, 21.74, 20.562,
        19.851, 21.119, 18.985, 22.762, 21.705, 18.735, 19.22, 20.554, 19.268,
        19.019, 18.985, 19.75, 18.794, 22.179, 22.487, 18.606, 18.192, 17.616,
        17.59, 19.766, 21.408, 18.043, 18.765, 18.12, 17.812, 17.231, 17.546,
        20.507, 20.41, 17.39, 18.061, 18.932, 22.575, 18.411, 18.778, 20.479,
        20.828, 18.424, 19.09, 17.785, 17.856, 23.668, 20.064, 17.633, 17.894,
        19.298, 19.425, 17.633, 17.533, 18.411, 18.085, 18.256, 18.238, 18.665,
        20.39, 17.974, 17.758, 18.691, 17.817, 20.979, 18.215, 19.799, 21.438,
        21.669, 17.667, 19.033, 18.116, 17.909, 17.95, 18.996, 20.155, 17.971,
        17.852
      ]
    },
    "security-rules/pg/no-sql-injections": {
      "avgMs": 21.67432000000001,
      "coldMs": 20.701,
      "runsMs": [
        20.701, 20.51, 21.553, 21.168, 22.252, 21.791, 25.551, 23.039, 20.365,
        21.291, 22.665, 22.044, 22.293, 22.037, 23.667, 29.283, 22.748, 23.529,
        20.338, 25.113, 22.028, 23.967, 23.512, 20.409, 23.878, 21.55, 21.55,
        22.574, 23.836, 22.124, 21.786, 21.844, 21.046, 24.314, 22.935, 21.778,
        21.558, 21.813, 22.649, 21.472, 24.439, 30.117, 21.371, 22.234, 20.385,
        20.113, 20.076, 20.95, 20.114, 20.912, 20.516, 20.398, 21.153, 19.673,
        20.492, 21.511, 19.201, 20.491, 19.875, 19.687, 20.713, 21.047, 22.662,
        21.564, 21.093, 20.862, 20.006, 20.408, 19.862, 25.715, 23.353, 22.202,
        24.279, 19.825, 20.474, 19.392, 22.912, 20.62, 24.255, 20.544, 19.991,
        21.423, 20.069, 20.135, 20.912, 21.938, 20.208, 20.903, 20.284, 20.68,
        20.445, 19.953, 21.36, 21.488, 20.377, 20.426, 21.337, 20.761, 20.104,
        20.581
      ]
    },
    "security-rules/mysql/no-hardcoded-credentials": {
      "avgMs": 16.662080000000007,
      "coldMs": 16.043,
      "runsMs": [
        16.043, 15.631, 16.806, 18.179, 17.504, 16.809, 17.717, 18.109, 18.156,
        21.711, 16.975, 17.441, 17.871, 17.799, 18.17, 17.61, 17.865, 17.527,
        17.694, 16.038, 15.982, 18.147, 18.46, 15.713, 16.826, 17.36, 16.454,
        16.933, 19.254, 16.769, 16.625, 16.562, 16.162, 16.587, 17.349, 16.525,
        16.765, 16.898, 20.801, 16.582, 17.145, 17.211, 18.83, 15.368, 17.492,
        15.718, 15.227, 16.213, 19.953, 17.432, 15.79, 15.658, 15.839, 18.636,
        15.897, 17.448, 15.097, 18.092, 15.191, 15.634, 15.89, 16.07, 15.905,
        16.131, 16.33, 15.343, 15.652, 15.684, 15.969, 15.628, 17.121, 15.623,
        15.026, 15.394, 15.742, 15.502, 16.208, 15.895, 15.874, 15.899, 16.748,
        15.392, 15.525, 15.419, 16.298, 15.634, 15.827, 15.946, 17.773, 15.732,
        15.864, 15.642, 16.527, 15.598, 15.71, 15.741, 16.049, 15.661, 18.139,
        15.817
      ]
    },
    "security-rules/browser/no-xss": {
      "avgMs": 10.208230000000002,
      "coldMs": 10.672,
      "runsMs": [
        10.672, 9.846, 10.217, 9.806, 10.44, 10.814, 10.627, 10.978, 9.664,
        10.193, 10.663, 10.116, 10.69, 11.262, 11.028, 11.504, 11.079, 14.38,
        10.773, 9.844, 9.834, 12.029, 10.069, 12.599, 10.542, 10.32, 10.003,
        10.316, 10.295, 10.902, 10.188, 10.196, 10.615, 10.572, 13.04, 10.213,
        12.707, 10.519, 10.628, 10.174, 10.017, 10.791, 10.221, 9.794, 9.455,
        9.239, 9.492, 9.751, 9.671, 9.572, 10.25, 9.212, 9.089, 9.609, 10.219,
        9.371, 9.34, 9.907, 9.361, 12.131, 11.562, 9.956, 10.62, 10.172, 9.967,
        9.019, 11.913, 9.266, 9.72, 9.429, 9.194, 9.653, 9.251, 10.328, 9.441,
        9.343, 9.916, 9.687, 9.6, 10.254, 9.199, 9.257, 9.429, 11.556, 10.07,
        9.468, 9.423, 9.604, 9.666, 9.529, 9.513, 9.597, 9.675, 9.695, 9.639,
        9.62, 11.35, 9.761, 9.835, 9.797
      ]
    },
    "security-rules/node/no-unsafe-path": {
      "avgMs": 10.04544,
      "coldMs": 8.518,