{
  "rules": {
    "security-rules/package/no-vulnerable-dependencies": {
      "avgMs": 59.791629999999934,
      "runsMs": [
        5486.254, 4.851, 5.976, 4.251, 6.163, 4.512, 4.69, 4.375, 7.338, 5.548,
        7.169, 4.665, 4.561, 6.284, 4.445, 6.353, 4.676, 4.265, 4.711, 4.305,
        4.874, 4.526, 4.39, 4.59, 4.409, 4.717, 4.647, 4.762, 4.339, 4.418,
        5.005, 4.351, 6.126, 4.438, 8.211, 6.97, 4.35, 6.054, 4.682, 4.358,
        6.235, 5.735, 7.076, 4.35, 4.621, 4.436, 6.291, 6.165, 4.366, 4.366,
        4.873, 5.931, 4.368, 4.247, 4.489, 4.522, 4.414, 5.647, 4.382, 4.535,
        4.371, 4.29, 4.464, 6.128, 4.353, 5.861, 4.504, 4.4, 4.499, 4.415,
        4.613, 4.417, 4.541, 4.445, 4.748, 4.663, 4.362, 4.72, 4.642, 5.104,
        4.601, 4.492, 4.512, 4.393, 6.194, 6.035, 6.546, 5.784, 4.609, 4.24,
        4.473, 4.33, 4.241, 5.026, 4.257, 4.49, 4.478, 6.293, 4.321, 5.65
      ]
    },
    "security-rules/react/no-xss": {
      "avgMs": 159.96758000000008,
      "runsMs": [
        173.709, 162.144, 160.134, 160.112, 158.832, 160.565, 156.929, 168.016,
        167.917, 147.719, 152.118, 173.038, 165.048, 157.838, 163.009, 149.656,
        165.717, 163.788, 166.447, 159.4, 155.592, 168.089, 161.016, 165.805,
        160.992, 169.346, 167.444, 164.44, 158.08, 172.25, 160.825, 160.524,
        157.404, 166.312, 150.707, 162.496, 168.241, 148.758, 146.429, 160.857,
        159.246, 163.27, 157.24, 159.634, 165.22, 141.028, 150.516, 151.356,
        155.664, 158.19, 161.265, 150.791, 143.368, 166.776, 157.481, 164.656,
        166.648, 147.529, 162.367, 162.557, 151.386, 165.632, 157.314, 145.353,
        159.447, 146.388, 155.096, 162.003, 181.432, 163.536, 145.064, 165.963,
        155.854, 166.96, 160.388, 162.647, 150.87, 163.66, 165.474, 162.804,
        166.496, 163.037, 167.651, 163.782, 152.331, 164.73, 154.485, 157.146,
        153.849, 161.834, 162.616, 162.986, 164.302, 170.596, 162.294, 165.405,
        161.713, 148.681, 155.593, 147.415
      ]
    },
    "security-rules/node/no-insecure-ciphers": {
      "avgMs": 82.21576,
      "runsMs": [
        100.139, 89.102, 77.727, 79.215, 81.108, 85.195, 86.955, 82.397, 77.99,
        74.914, 78.251, 87.431, 82.294, 79.406, 84.752, 74.496, 79.197, 83.841,
        81.524, 84.915, 84.492, 83.898, 88.337, 89.656, 79.367, 84.783, 81.262,
        90.212, 83, 86.392, 79.424, 80.887, 76.998, 80.952, 75.945, 80.617,
        89.113, 74.524, 85.13, 82.743, 79.541, 80.167, 76.746, 81.53, 86.208,
        77.098, 73.835, 80.836, 77.539, 81.812, 87.064, 76.095, 75.766, 81.639,
        80.129, 81.94, 85.261, 81.367, 81.628, 85.921, 78.975, 84.619, 81.052,
        73.989, 86.6, 79.36, 81.187, 80.81, 85.074, 85.721, 80.859, 86.804,
        80.463, 83.357, 84.578, 84.091, 82.04, 86.107, 89.122, 85.334, 85.12,
        84.462, 85.304, 84.671, 76.392, 91.208, 82.968, 79.82, 77.819, 78.534,
        86.287, 82.443, 81.408, 85.314, 81.288, 81.548, 82.205, 76.313, 84.831,
        72.796
      ]
    },
    "security-rules/universal/no-vulnerable-dependencies": {
      "avgMs": 47.633909999999986,
      "runsMs": [
        45.822, 46.31, 45.135, 44.338, 50.676, 48.13, 46.673, 47.501, 58.29,
        47.55, 47.694, 49.624, 49.929, 52.761, 48.294, 46.064, 48.002, 46.238,
        46.88, 53.126, 47.326, 46.312, 46.979, 48.801, 48.107, 48.154, 48.603,
        41.139, 47.56, 46.819, 48.543, 49.731, 47.208, 48.696, 46.17, 49.602,
        45.61, 45.87, 49.581, 48.757, 45.814, 50.513, 53.941, 46.674, 50.672,
        51.091, 45.816, 48.665, 47.264, 43.459, 49.949, 51.377, 48.508, 48.822,
        46.276, 45.377, 48.012, 47.079, 45.072, 47.503, 47.388, 53.092, 48.895,
        44.549, 51.854, 45.861, 47.137, 42.615, 43.813, 45.586, 44.845, 46.584,
        51.831, 41.695, 46.536, 54.27, 46.898, 45.723, 41.205, 43.511, 46.249,
        44.23, 47.586, 45.23, 47.77, 46.076, 46.521, 55.183, 48.297, 47.82,
        46.974, 47.328, 43.589, 46.775, 45.983, 53.839, 44.853, 47.984, 48.498,
        48.229
      ]
    },
    "security-rules/node/no-unsafe-path": {
      "avgMs": 28.16611999999999,
      "runsMs": [
        34.016, 27.754, 32.242, 28.064, 28.576, 29.031, 25.831, 25.243, 32.22,
        26.391, 26.963, 29.172, 30.689, 34.434, 32.397, 25.879, 28.164, 26.131,
        30.322, 26.048, 28.551, 25.052, 29.639, 31.719, 26.489, 25.665, 27.121,
        26.422, 26.264, 29.706, 27.423, 26.458, 29.891, 29.027, 32.598, 26.585,
        27.725, 26.371, 26.677, 31.469, 24.883, 26.451, 25.983, 26.601, 30.859,
        26.229, 26.242, 26.678, 25.994, 25.946, 32.75, 26.297, 27.088, 25.702,
        30.362, 29.801, 26.976, 31.26, 31.256, 27.394, 24.687, 27.763, 25.406,
        26.073, 27.821, 26.573, 26.614, 26.37, 27.109, 28.163, 28.662, 27.149,
        28.349, 26.246, 29.813, 27.024, 26.634, 24.866, 35.011, 33.39, 31.833,
        27.078, 27.29, 25.977, 33.335, 30.195, 27.593, 29.22, 28.223, 28.005,
        28.573, 28.756, 26.229, 26.985, 26.765, 27.11, 29.655, 26.674, 26.185,
        32.037
      ]
    },
    "security-rules/pg/no-sql-injections": {
      "avgMs": 11.189589999999999,
      "runsMs": [
        10.323, 9.951, 10.333, 10.293, 10.631, 13.268, 9.675, 9.563, 9.788,
        10.108, 25.237, 9.963, 9.879, 10.094, 23.6, 9.748, 17.336, 13.646,
        10.055, 9.661, 9.895, 10.188, 9.958, 10.264, 10.197, 9.695, 9.672,
        15.411, 10.781, 9.834, 13.495, 10.051, 9.939, 11.224, 13.099, 10.231,
        13.804, 13.966, 10.251, 9.859, 9.315, 10.147, 9.98, 10.064, 10, 10.238,
        10.048, 10.235, 9.542, 12.826, 9.975, 10.222, 9.806, 9.434, 17.696,
        13.943, 13.696, 9.808, 9.814, 18.214, 9.668, 9.728, 13.978, 9.49, 9.91,
        9.893, 10.309, 9.882, 13.359, 10.037, 10.25, 10.222, 10.312, 9.826,
        10.179, 10.223, 9.956, 9.662, 10.315, 10.459, 10.02, 9.938, 10.331,
        9.913, 11.84, 10.201, 15.078, 13.678, 9.964, 9.803, 10.146, 9.949,
        9.759, 13.436, 10.029, 9.86, 10.164, 12.97, 14.413, 9.84
      ]
    },
    "security-rules/mysql/no-sql-injections": {
      "avgMs": 9.691439999999998,
      "runsMs": [
        9.526, 10.419, 9.172, 9.061, 9.134, 8.752, 8.225, 12.763, 8.322, 8.469,
        15.877, 8.692, 8.393, 8.958, 9.016, 8.682, 8.585, 8.548, 8.785, 8.371,
        8.611, 8.827, 8.764, 8.612, 9.185, 13.16, 8.956, 8.826, 8.767, 8.619,
        8.74, 8.778, 11.653, 21.671, 8.941, 8.791, 12.517, 10.802, 9.048, 8.92,
        8.22, 12.466, 8.861, 8.708, 9.049, 12.664, 14.235, 8.682, 8.672, 8.574,
        8.76, 8.906, 8.564, 8.602, 8.573, 8.817, 12.931, 8.79, 8.877, 8.782,
        8.243, 8.771, 8.478, 8.713, 8.638, 8.874, 8.947, 8.905, 9.053, 8.84,
        8.912, 8.635, 9.084, 16.865, 12.244, 8.835, 12.461, 8.53, 8.864, 9.131,
        9.098, 8.978, 8.869, 16.676, 8.798, 8.805, 8.795, 9.183, 12.803, 8.987,
        8.859, 8.737, 8.539, 8.775, 16.787, 9.053, 8.799, 8.801, 8.612, 8.496
      ]
    },
    "security-rules/mysql/no-hardcoded-credentials": {
      "avgMs": 8.20425,
      "runsMs": [
        7.98, 7.366, 7.748, 7.467, 8.146, 7.365, 6.961, 7.154, 7.334, 7.542,
        7.583, 7.669, 7.385, 7.631, 7.633, 10.843, 7.581, 7.29, 7.319, 7.27,
        15.03, 7.403, 7.705, 11.495, 7.768, 7.355, 10.863, 7.481, 7.522, 7.493,
        11.105, 7.373, 7.551, 8.49, 7.517, 14.858, 10.795, 7.389, 7.778, 7.361,
        7.023, 7.713, 7.615, 7.624, 7.779, 11.356, 7.514, 7.562, 7.442, 7.354,
        7.462, 7.46, 14.743, 7.236, 7.317, 7.483, 7.544, 7.377, 7.786, 7.565,
        7.497, 10.698, 7.429, 7.371, 7.387, 7.445, 11.341, 11.434, 7.913,
        11.237, 8.401, 7.549, 7.672, 7.486, 7.534, 7.595, 7.462, 7.21, 7.761,
        7.599, 7.686, 7.6, 7.703, 7.552, 7.936, 7.557, 7.945, 11.542, 7.496,
        7.525, 7.726, 11.291, 7.332, 7.803, 7.485, 7.444, 7.817, 7.536, 7.669,
        7.205
      ]
    },
    "security-rules/browser/no-xss": {
      "avgMs": 6.605229999999999,