{
  "heapUsageMb": {
    "withRules": {
      "runsMs": [
        1.763458251953125, 1.1647720336914062, 0.7900924682617188,
        11.744560241699219, 11.912376403808594, 19.553054809570312,
        9.414634704589844, 1.1371688842773438, 1.90460205078125,
        11.284141540527344, 11.578178405761719, -0.087554931640625,
        9.675918579101562, 1.71563720703125, 1.967529296875, 20.324142456054688,
        10.160614013671875, 20.891494750976562, 11.445816040039062,
        0.6803131103515625, 1.9373855590820312, 9.645408630371094,
        20.266616821289062, 20.14757537841797, 0.7616729736328125,
        0.731689453125, 11.193809509277344, 11.659568786621094,
        1.3105621337890625, 19.55193328857422, 11.508102416992188,
        11.354995727539062, 12.03485107421875, 11.521812438964844,
        5.866203308105469, 12.27288818359375, 19.512649536132812,
        11.906593322753906, 10.707344055175781, 12.574638366699219,
        11.798782348632812, 11.573272705078125, 9.116615295410156,
        1.9582977294921875, 19.90924835205078, 2.5979080200195312,
        1.0099258422851562, 20.92186737060547, 1.9491119384765625,
        11.756645202636719, 12.314910888671875, 11.392906188964844,
        11.432586669921875, 5.516212463378906, 10.454734802246094,
        11.241142272949219, 11.098373413085938, 19.328407287597656,
        11.310447692871094, 21.41228485107422, 1.8025741577148438,
        2.0485076904296875, 11.156700134277344, 11.604576110839844,
        1.9547958374023438, 5.737213134765625, 11.420425415039062,
        11.077232360839844, 11.064826965332031, 10.093315124511719,
        11.494873046875, 1.395050048828125, 11.168128967285156,
        11.414604187011719, 1.6790237426757812, 11.608192443847656,
        10.090171813964844, 11.128631591796875, 1.6902008056640625,
        2.2330551147460938, 5.725151062011719, 12.461402893066406,
        11.061065673828125, 2.45184326171875, 19.509429931640625,
        9.870140075683594, 6.1604461669921875, 11.895515441894531,
        -0.30800628662109375, 12.162338256835938, 11.704460144042969,
        1.5388946533203125, 11.049957275390625, 1.7860336303710938,
        11.218940734863281, 2.4875640869140625, 0.5282821655273438,
        2.4029769897460938, 12.505287170410156, 11.349327087402344
      ],
      "avgMs": 9.030040817260742
    },
    "withoutRules": {
      "runsMs": [
        11.502021789550781, 11.310379028320312, 11.768463134765625,
        12.18084716796875, 1.5308685302734375, 1.4610824584960938,
        12.77166748046875, 11.347427368164062, 11.371452331542969,
        11.933494567871094, 12.035423278808594, 12.010726928710938,
        13.221946716308594, 12.330917358398438, 12.781944274902344,
        1.0671463012695312, 14.185890197753906, 1.1055679321289062,
        3.1997222900390625, 11.176834106445312, 12.589126586914062,
        12.878982543945312, 1.7201309204101562, 1.1128768920898438,
        11.505111694335938, 11.422340393066406, 3.3303909301757812,
        2.5506973266601562, 11.175430297851562, 1.9023818969726562,
        2.9952011108398438, 3.1561660766601562, 0.951019287109375,
        2.438720703125, 1.9803237915039062, 0.8866348266601562,
        2.0757064819335938, 1.3977508544921875, 12.372734069824219,
        0.7865982055664062, 2.5551223754882812, 11.919540405273438,
        2.4407501220703125, 11.549530029296875, 1.421051025390625,
        12.486549377441406, 11.206573486328125, 1.4581832885742188,
        12.763908386230469, 2.5491256713867188, 1.1067428588867188,
        12.264358520507812, 2.8800277709960938, 2.4300537109375,
        14.30499267578125, 12.156402587890625, 11.834541320800781,
        2.032135009765625, 12.208610534667969, 12.927200317382812,
        12.469108581542969, 11.499488830566406, 11.976371765136719,
        2.25628662109375, 11.319671630859375, 2.2336807250976562,
        2.9697189331054688, 12.052230834960938, 3.4680099487304688,
        13.982429504394531, 1.5607681274414062, 11.575119018554688,
        12.172798156738281, 3.403594970703125, 11.241569519042969,
        2.1358718872070312, 14.118904113769531, 12.053779602050781,
        11.570480346679688, 11.289405822753906, 2.1995697021484375,
        0.93426513671875, 12.103561401367188, 12.357475280761719,
        1.6355133056640625, 12.623916625976562, 1.8406448364257812,
        1.4048538208007812, 11.971916198730469, 1.0478439331054688,
        2.0149002075195312, 11.042526245117188, 12.186737060546875,
        11.54742431640625, 12.220314025878906, 4.633033752441406,
        11.025131225585938, 11.474159240722656, 1.1591262817382812,
        2.9537582397460938
      ],
      "avgMs": 7.577435073852539
    }
  },
  "meta": {
    "target": "./repos/CVE-2019-16769",
    "linesOfCode": {
      "files": 5,
      "blank": 124,
      "comment": 36,
      "code": 2616
    }
  }
}
